-- phpMyAdmin SQL Dump
-- version 5.0.4
-- https://www.phpmyadmin.net/
--
-- Máy chủ: 127.0.0.1
-- Thời gian đã tạo: Th6 17, 2021 lúc 04:47 PM
-- Phiên bản máy phục vụ: 10.4.17-MariaDB
-- Phiên bản PHP: 8.0.1

SET SQL_MODE = "NO_AUTO_VALUE_ON_ZERO";
START TRANSACTION;
SET time_zone = "+00:00";


/*!40101 SET @OLD_CHARACTER_SET_CLIENT=@@CHARACTER_SET_CLIENT */;
/*!40101 SET @OLD_CHARACTER_SET_RESULTS=@@CHARACTER_SET_RESULTS */;
/*!40101 SET @OLD_COLLATION_CONNECTION=@@COLLATION_CONNECTION */;
/*!40101 SET NAMES utf8mb4 */;

--
-- Cơ sở dữ liệu: `websitetintuc`
--

-- --------------------------------------------------------

--
-- Cấu trúc bảng cho bảng `danhmucs`
--

CREATE TABLE `danhmucs` (
  `id` bigint(20) UNSIGNED NOT NULL,
  `tenloaitin` varchar(255) COLLATE utf8mb4_unicode_ci NOT NULL,
  `mota` varchar(255) COLLATE utf8mb4_unicode_ci NOT NULL,
  `created_at` timestamp NULL DEFAULT NULL,
  `updated_at` timestamp NULL DEFAULT NULL
) ENGINE=InnoDB DEFAULT CHARSET=utf8mb4 COLLATE=utf8mb4_unicode_ci;

--
-- Đang đổ dữ liệu cho bảng `danhmucs`
--

INSERT INTO `danhmucs` (`id`, `tenloaitin`, `mota`, `created_at`, `updated_at`) VALUES
(1, 'Các khóa học', 'Giới thiệu về các khóa học nổi bật', NULL, NULL),
(2, 'Giáo viên', 'Giới thiệu về các giáo viên', NULL, NULL),
(3, 'Sự kiện', 'Giới thiệu về các sự kiện', NULL, NULL),
(4, 'Tại sao nên học đại học', 'Gioi thiệu cho chúng ta rằng học đại học quan trọng như thế nào', NULL, NULL);

-- --------------------------------------------------------

--
-- Cấu trúc bảng cho bảng `failed_jobs`
--

CREATE TABLE `failed_jobs` (
  `id` bigint(20) UNSIGNED NOT NULL,
  `connection` text COLLATE utf8mb4_unicode_ci NOT NULL,
  `queue` text COLLATE utf8mb4_unicode_ci NOT NULL,
  `payload` longtext COLLATE utf8mb4_unicode_ci NOT NULL,
  `exception` longtext COLLATE utf8mb4_unicode_ci NOT NULL,
  `failed_at` timestamp NOT NULL DEFAULT current_timestamp()
) ENGINE=InnoDB DEFAULT CHARSET=utf8mb4 COLLATE=utf8mb4_unicode_ci;

-- --------------------------------------------------------

--
-- Cấu trúc bảng cho bảng `loaitins`
--

CREATE TABLE `loaitins` (
  `id` bigint(20) UNSIGNED NOT NULL,
  `tenloaitin` varchar(255) COLLATE utf8mb4_unicode_ci NOT NULL,
  `mota` varchar(255) COLLATE utf8mb4_unicode_ci NOT NULL,
  `created_at` timestamp NULL DEFAULT NULL,
  `updated_at` timestamp NULL DEFAULT NULL
) ENGINE=InnoDB DEFAULT CHARSET=utf8mb4 COLLATE=utf8mb4_unicode_ci;

--
-- Đang đổ dữ liệu cho bảng `loaitins`
--

INSERT INTO `loaitins` (`id`, `tenloaitin`, `mota`, `created_at`, `updated_at`) VALUES
(1, 'Các khóa học', 'Trang này dùng để giới thiệu về các khóa học nổi bật của website', NULL, NULL),
(2, 'Giao viên', 'Trang này dùng để giới thiệu về những giáo viên có trình độ và kinh nghiệm dày dặn trong lĩnh vực giáo dục', NULL, NULL),
(3, 'Sự kiện', 'Gioi thiệu về những sự kiện nổi bật trong ngành giáo dục', NULL, NULL),
(4, 'a', 'a', NULL, NULL);

-- --------------------------------------------------------

--
-- Cấu trúc bảng cho bảng `migrations`
--

CREATE TABLE `migrations` (
  `id` int(10) UNSIGNED NOT NULL,
  `migration` varchar(255) COLLATE utf8mb4_unicode_ci NOT NULL,
  `batch` int(11) NOT NULL
) ENGINE=InnoDB DEFAULT CHARSET=utf8mb4 COLLATE=utf8mb4_unicode_ci;

--
-- Đang đổ dữ liệu cho bảng `migrations`
--

INSERT INTO `migrations` (`id`, `migration`, `batch`) VALUES
(1, '2014_10_12_000000_create_users_table', 1),
(2, '2014_10_12_100000_create_password_resets_table', 1),
(3, '2019_08_19_000000_create_failed_jobs_table', 1),
(4, '2021_05_12_025017_create_loaitins_table', 1),
(5, '2021_05_13_013617_create_tinbais_table', 2),
(6, '2021_05_13_014911_create_loaitins_table', 3),
(7, '2021_05_13_020417_create_tinbais_table', 4),
(8, '2021_05_13_025825_create_tinbais_table', 5),
(9, '2021_05_13_074922_create_danhmucs_table', 6);

-- --------------------------------------------------------

--
-- Cấu trúc bảng cho bảng `password_resets`
--

CREATE TABLE `password_resets` (
  `email` varchar(255) COLLATE utf8mb4_unicode_ci NOT NULL,
  `token` varchar(255) COLLATE utf8mb4_unicode_ci NOT NULL,
  `created_at` timestamp NULL DEFAULT NULL
) ENGINE=InnoDB DEFAULT CHARSET=utf8mb4 COLLATE=utf8mb4_unicode_ci;

-- --------------------------------------------------------

--
-- Cấu trúc bảng cho bảng `tinbais`
--

CREATE TABLE `tinbais` (
  `id` bigint(20) UNSIGNED NOT NULL,
  `tentin` text COLLATE utf8mb4_unicode_ci NOT NULL,
  `tieude` text COLLATE utf8mb4_unicode_ci NOT NULL,
  `hinhanh` varchar(255) COLLATE utf8mb4_unicode_ci NOT NULL,
  `noidung` text COLLATE utf8mb4_unicode_ci NOT NULL,
  `ngaydang` date NOT NULL,
  `loaitinid` int(11) NOT NULL,
  `created_at` timestamp NULL DEFAULT NULL,
  `updated_at` timestamp NULL DEFAULT NULL
) ENGINE=InnoDB DEFAULT CHARSET=utf8mb4 COLLATE=utf8mb4_unicode_ci;

--
-- Đang đổ dữ liệu cho bảng `tinbais`
--

INSERT INTO `tinbais` (`id`, `tentin`, `tieude`, `hinhanh`, `noidung`, `ngaydang`, `loaitinid`, `created_at`, `updated_at`) VALUES
(0, 'Về trường học 1', 'Các dạng bài đạo hàm và ứng dụng trong đề Toán tốt nghiệp THPT', '1622712812.jpg', 'Thầy Trần Thế Hùng, giáo viên Toán trường THPT Chuyên Hà Tĩnh, hướng dẫn ôn tập chủ đề đạo hàm và ứng dụng trong đề thi tốt nghiệp THPT.\r\n\r\nDựa trên đề thi tham khảo được Bộ Giáo dục và Đào tạo công bố mới đây, phần nào thí sinh đã hình dung được ma trận đề thi, nội dung có thể có trong đề thi thật, sự phân bố độ khó, mức độ nhận thức, tỷ lệ điểm các phần kiến thức.\r\n\r\nTheo đó, chủ đề đạo hàm và ứng dụng chiếm tới 20% số lượng câu hỏi trong đề thi. Đây là nội dung quan trọng trong chương trình Toán THPT, xuất hiện trong đề với đầy đủ mức độ từ nhận biết, thông hiểu, vận dụng, vận dụng cao. Với 10 câu hỏi bao phủ hết nội dung: Đơn điệu của hàm số, cực trị của hàm số, min max của hàm số, đường tiệm cận, khảo sát và vẽ đồ thị thì đây là chủ đề cần thiết để tiếp cận ngay cả với học sinh trung bình cũng như học sinh khá giỏi.Thầy Trần Thế Hùng, giáo viên Toán trường THPT Chuyên Hà Tĩnh, hướng dẫn ôn tập chủ đề đạo hàm và ứng dụng trong đề thi tốt nghiệp THPT.\r\n\r\nDựa trên đề thi tham khảo được Bộ Giáo dục và Đào tạo công bố mới đây, phần nào thí sinh đã hình dung được ma trận đề thi, nội dung có thể có trong đề thi thật, sự phân bố độ khó, mức độ nhận thức, tỷ lệ điểm các phần kiến thức.\r\n\r\nTheo đó, chủ đề đạo hàm và ứng dụng chiếm tới 20% số lượng câu hỏi trong đề thi. Đây là nội dung quan trọng trong chương trình Toán THPT, xuất hiện trong đề với đầy đủ mức độ từ nhận biết, thông hiểu, vận dụng, vận dụng cao. Với 10 câu hỏi bao phủ hết nội dung: Đơn điệu của hàm số, cực trị của hàm số, min max của hàm số, đường tiệm cận, khảo sát và vẽ đồ thị thì đây là chủ đề cần thiết để tiếp cận ngay cả với học sinh trung bình cũng như học sinh khá giỏi.Thầy Trần Thế Hùng, giáo viên Toán trường THPT Chuyên Hà Tĩnh, hướng dẫn ôn tập chủ đề đạo hàm và ứng dụng trong đề thi tốt nghiệp THPT.\r\n\r\nDựa trên đề thi tham khảo được Bộ Giáo dục và Đào tạo công bố mới đây, phần nào thí sinh đã hình dung được ma trận đề thi, nội dung có thể có trong đề thi thật, sự phân bố độ khó, mức độ nhận thức, tỷ lệ điểm các phần kiến thức.\r\n\r\nTheo đó, chủ đề đạo hàm và ứng dụng chiếm tới 20% số lượng câu hỏi trong đề thi. Đây là nội dung quan trọng trong chương trình Toán THPT, xuất hiện trong đề với đầy đủ mức độ từ nhận biết, thông hiểu, vận dụng, vận dụng cao. Với 10 câu hỏi bao phủ hết nội dung: Đơn điệu của hàm số, cực trị của hàm số, min max của hàm số, đường tiệm cận, khảo sát và vẽ đồ thị thì đây là chủ đề cần thiết để tiếp cận ngay cả với học sinh trung bình cũng như học sinh khá giỏi.Thầy Trần Thế Hùng, giáo viên Toán trường THPT Chuyên Hà Tĩnh, hướng dẫn ôn tập chủ đề đạo hàm và ứng dụng trong đề thi tốt nghiệp THPT.\r\n\r\nDựa trên đề thi tham khảo được Bộ Giáo dục và Đào tạo công bố mới đây, phần nào thí sinh đã hình dung được ma trận đề thi, nội dung có thể có trong đề thi thật, sự phân bố độ khó, mức độ nhận thức, tỷ lệ điểm các phần kiến thức.\r\n\r\nTheo đó, chủ đề đạo hàm và ứng dụng chiếm tới 20% số lượng câu hỏi trong đề thi. Đây là nội dung quan trọng trong chương trình Toán THPT, xuất hiện trong đề với đầy đủ mức độ từ nhận biết, thông hiểu, vận dụng, vận dụng cao. Với 10 câu hỏi bao phủ hết nội dung: Đơn điệu của hàm số, cực trị của hàm số, min max của hàm số, đường tiệm cận, khảo sát và vẽ đồ thị thì đây là chủ đề cần thiết để tiếp cận ngay cả với học sinh trung bình cũng như học sinh khá giỏi.', '2021-01-02', 1, NULL, '2021-06-03 02:33:32'),
(1, 'Về trường học', 'Mỹ dạy trẻ chống bắt nạt học đường thế nào?', '1622712838.jpg', 'Thạc sĩ Đinh Thu Hồng, giáo viên tiểu học ở bang Georgia, Mỹ, chia sẻ cách trường học Mỹ dạy học sinh chống lại bắt nạt học đường (Anti-Bullying).\r\n\r\nBắt nạt (bullying) học đường là vấn nạn lớn ở nhiều nơi, cả ở Mỹ, gây hậu quả nghiêm trọng như tạo ra môi trường không an toàn cho trẻ nhỏ hay thậm chí đe dọa đến tính mạng.\r\n\r\nTheo khảo sát năm 2018 ở Mỹ, 70,6% học sinh được khảo sát nói từng biết hay chứng kiến nạn bắt nạt, 28% học sinh (lớp 6-12) từng bị bắt nạt, 30% từng là thủ phạm, 15% học sinh cấp 3 (lớp 9-12) là nạn nhân của bắt nạt trên mạng. Hàng ngày, có khoảng 160.000 học sinh ở nhà không đến trường vì sợ bị bắt nạt.\r\n\r\nỞ Mỹ, việc chống nạn bắt nạt học đường (anti-bullying in schools) là mối quan tâm lớn cùng với những quan tâm khác trong ngành giáo dục như kết quả học tập, thi cử, hay chất lượng đào tạo...\r\n\r\nNăm 2014, lần đầu tiên Bộ Giáo dục Mỹ cùng Trung tâm Đối phó dịch bệnh (Centers for Disease Control-CDC) thống nhất ra một định nghĩa về bắt nạt để thuận tiện cho việc nghiên cứu và giám sát. Theo đó bắt nạt (bullying) là hành vi hung hăng (aggressive behavior), sự mất cân bằng về quyền lực (imbalance of power), những hành vi lặp đi lặp lại (repeated behaviors).\r\n\r\nTheo hai cơ quan trên, có hai dạng thức (modes) bắt nạt chính là trực tiếp (khi có mặt nạn nhân) và gián tiếp (khi không có mặt nạn nhân hay không giao tiếp trực tiếp với nạn nhân, chẳng hạn bắt nạt qua mạng).\r\n\r\nHai dạng thức trên bao gồm bốn loại. Một là bắt nạt về thể xác (physical), ví dụ đánh đấm, giật tóc, đẩy xô ngã. Hai là bắt nạt bằng lời nói (verbal), ví dụ nói xấu, đặt biệt danh, chửi rủa. Ba là làm tổn hại danh dự hay quan hệ của nạn nhân (relational), ví dụ rao tin đồn, tạo dư luận xấu, cô lập, xa lánh bạn bè, tạo bè phái chống lại những ai khác biệt, không giống mình. Bốn là phá hoại tài sản (damage to property), ví dụ làm hỏng cặp sách hay đồ dùng của bạn, phá hỏng xe cộ hay sách vở.', '2020-01-01', 1, NULL, '2021-06-03 02:33:58'),
(2, 'Về trường học', 'Giành điểm tối đa bài hình học không gian đề thi tốt nghiệp THPT', '1622712865.jpg', 'Thầy Trần Thế Hùng, trường THPT chuyên Hà Tĩnh, cho rằng hình học không gian là nội dung dễ kiếm điểm nên học sinh cần chú ý ôn tập.\r\n\r\nHình học không gian cổ điển là chủ đề trọng tâm trong chương trình Toán THPT, học sinh được học xuyên suốt từ lớp 11 đến lớp 12. Phân tích đề minh họa thi tốt nghiệp THPT của Bộ Giáo dục và Đào tạo, có thể thấy có 7 câu hỏi liên quan đến chủ đề này, phân bổ trên các mức độ nhận biết, thông hiểu, vận dụng, là nội dung cơ bản và khá dễ kiếm điểm đối với học sinh.\r\n\r\nVới các bài toán về khối đa diện và thể tích khối đa diện, để làm tốt những câu hỏi nhận biết và thông hiểu, học sinh cần nắm vững công thức tính thể tích khối chóp, khối lăng trụ. Các em cũng cần tập trung xử lý các hình cơ bản, trường hợp đặc biệt như khối chóp đều, khối chóp có ba cạnh đôi một vuông góc, khối chóp có cạnh bên, mặt bên vuông góc với đáy, hình lăng trụ đều, hình hộp chữ nhật, hình lập phương...\r\n\r\nĐể giải quyết các câu vận dụng và vận dụng cao, học sinh cần tư duy tổng hợp cũng như xử lý tốt yếu tố về góc và khoảng cách đi kèm trong bài toán thể tích', '2020-01-01', 1, NULL, '2021-06-03 02:34:25'),
(4, 'Về trường học', 'Nhiều tỉnh xem xét lùi lịch thi vào lớp 10', '1622733563.jpg', 'Bắc Ninh lùi kỳ thi tuyển sinh vào lớp 10 đến sau 8/7; Thừa Thiên Huế, Thanh Hóa cũng dự phòng phương án lùi thi nếu Covid-19 còn phức tạp.\r\n\r\nNgày 11/5, ông Hà Huy Phương, Trưởng phòng Quản lý chất lượng giáo dục (Sở Giáo dục và Đào tạo Bắc Ninh) cho biết UBND tỉnh đã đồng ý đề xuất của Sở lùi thời gian tổ chức kỳ thi tuyển sinh vào lớp 10 năm học 2021-2022. Thí sinh sẽ không thi trong ba ngày, từ 8 đến 10/6 như kế hoạch.\r\n\r\n\"Hiện lịch thi mới chưa được ấn định vì phải phụ thuộc vào diễn biến dịch. Tuy nhiên, chúng tôi xác định tổ chức sau kỳ thi tốt nghiệp THPT (ngày 6-8/7)\", ông Phương nói. Sở Giáo dục và Đào tạo Bắc Ninh lùi kỳ thi lâu bởi theo kế hoạch thí sinh bắt đầu đăng ký dự thi vào ngày 15/5, nhưng do phải tạm dừng đến trường từ ngày 6/5, các trường chưa thể cho các em đăng ký.\r\n\r\nNgoài lùi lịch thi vào lớp 10, tỉnh Bắc Ninh còn lùi tổ chức kỳ kiểm tra, sát hạch vào lớp 6 các trường THCS trọng điểm. Sở Giáo dục và Đào tạo tỉnh chỉ đạo các trường tích cực cho học sinh ôn tập online ba môn Toán, Ngữ văn, Tiếng Anh. Tối 10/5, Sở đã phối hợp với Đài Phát thanh Truyền hình tỉnh phát sóng bài học các môn lớp 5, 9, 12 để học sinh cuối cấp thuận tiện ôn tập.\r\n\r\nĐến trưa 11/5, Bắc Ninh ghi nhận 99 ca Covid-19. Toàn tỉnh có hai giáo viên và 12 học sinh dương tính nCoV, khiến hàng trăm học sinh, giáo viên khác phải cách ly, chủ yếu ở huyện Thuận Thành. Học sinh toàn tỉnh chuyển sang học online từ ngày 6/5 đến khi có thông báo mới.', '2020-01-01', 1, NULL, '2021-06-03 08:19:23'),
(5, 'Về trường học', 'Phụ huynh vừa mừng vừa lo khi con chưa thi đã nghỉ hè', '1622733684.jpg', 'Con nghỉ hè sớm nửa tháng, anh Quang Thạch mừng vì giảm được nguy cơ lây nhiễm, nhưng lại lo nghỉ quá lâu, đến khi kiểm tra con quên hết kiến thức.\r\n\r\nTối 13/5, đang cho hai con trai lớp 1 và 4 ăn cơm trước giờ học online, anh Quang Thạch (37 tuổi, quận Hoàn Kiếm) thảng thốt khi đọc tin báo trong nhóm Zalo \"UBND TP Hà Nội cho học sinh các cấp nghỉ hè từ ngày 15/5\". \"Tôi rất bất ngờ với quyết định này bởi các con còn chưa kiểm tra học kỳ II. Bất ngờ hơn nữa là con sẽ không kiểm tra online như dự kiến. Cả tuần nay, thầy cô ở trường vẫn ra đề để con luyện online, chuẩn bị cho kiểm tra chính thức\", anh Thạch nói.\r\n\r\nVới anh Thạch, việc kiểm tra học kỳ II sau khi đã nghỉ hè nghe ngược đời, nhưng là cách đảm bảo an toàn trong bối cảnh Hà Nội đã ghi nhận 170 ca Covid-19 từ ngày 27/1 đến nay, trong đó Bệnh viện Bệnh nhiệt đới trung ương cơ sở Đông Anh 87, Bệnh viện K cơ sở Tân Triều 13. Hai trong tám chùm ca bệnh liên quan đến huyện Thuận Thành, tỉnh Bắc Ninh và TP Đà Nẵng đang diễn biến phức tạp.\r\n\r\nTuy nhiên, anh Thạch cũng như nhiều phụ huynh trong lớp lo lắng nếu dịch bệnh kéo dài, các con không thể thi trước tháng 7 thì khả năng \"chả còn nhớ gì để kiểm tra\". \"Đặc biệt, khi đã có thông báo nghỉ hè, các con sẽ có tâm lý không cần học hành gì hết\", anh Thạch nói và cho biết vẫn ủng hộ phương án kiểm tra online để năm học kết thúc trọn vẹn.\r\n\r\nGiống anh Thạch, chị Nguyễn Thúy (40 tuổi, ở huyện Quốc Oai) mừng khi con không phải đến trường, tránh được nguy cơ nhiễm bệnh, nhưng lo lắng con trai lớp 1 quên hết kiến thức nếu phải nghỉ dài. \"Tại sao không cho các con kiểm tra online luôn thay vì nghỉ và sau đó phải học ôn lại từ đầu?\", bà mẹ đặt câu hỏi.\r\n\r\nChị Thúy cho rằng kiểm tra học kỳ online không quá phức tạp, cũng không lo thiếu công bằng bởi việc đánh giá học sinh dựa vào cả quá trình chứ không chỉ qua bài kiểm tra cuối kỳ. Giáo viên cũng nắm được học lực của từng em. Cách tốt nhất là giao quyền cho trường tự quyết định việc kiểm tra học sinh và nghỉ hè.\r\n\r\nDù con học lớp 6 vẫn chưa thi xong học kỳ II và đang học online hàng ngày, chị Nguyễn Thanh (36 tuổi, quận Bắc Từ Liêm) ủng hộ quyết định nghỉ hè sớm. \"Sáng học online, chiều làm bài tập trên lớp khiến con phải ôm máy tính cả ngày, rất mệt mỏi. Học online kéo dài không hiệu quả, trong khi chưa biết khi nào mới kiểm tra học kỳ II khiến cả thầy và trò căng thẳng\", chị nói.\r\n\r\nBà mẹ này cho rằng thời điểm kiểm tra khi nào không quan trọng bằng tâm lý của con. Việc nghỉ học quá lâu sẽ khiến các con rơi rụng kiến thức, nhưng \"chỉ cần nhắc lại một tuần trước khi kiểm tra là sẽ ổn\".', '2020-01-01', 1, NULL, '2021-06-03 08:21:24'),
(6, 'Về trường học', 'Học sinh Vĩnh Phúc có thể kiểm tra vấn đáp qua điện thoại', '1622733706.jpg', 'Hơn 300.000 học sinh Vĩnh Phúc sẽ kiểm tra học kỳ II trực tuyến, trường hợp bất khả kháng có thể thực hiện dự án, hoặc vấn đáp qua điện thoại.\r\n\r\nTheo hướng dẫn kiểm tra học kỳ II năm học 2020-2021 do Sở Giáo dục và Đào tạo Vĩnh Phúc công bố ngày 12/5, học sinh lớp 9 và 12 sẽ kết thúc chương trình năm học trước ngày 19/5 để có thời gian ôn thi vào lớp 10 và thi tốt nghiệp THPT. Các khối lớp còn lại kết thúc vào ngày 25/5.\r\n\r\nVới kiểm tra học kỳ II, các nhà trường được yêu cầu phối hợp với phụ huynh huy động tối đa học sinh tham gia theo hình thức trực tuyến, qua các phần mềm như K12Online, Onluyen.vn, LabHok. Môn Ngữ văn và Tiếng Việt sẽ ra đề tự luận, hoặc kết hợp trắc nghiệm với tự luận. Học sinh làm bài trên máy tính hoặc giấy.\r\n\r\nTrước khi kiểm tra, giáo viên yêu cầu học sinh ghi rõ thông tin, thông báo thời gian gửi đề, làm bài, gửi bài, trừ điểm đối với các bài có biểu hiện sao chép của nhau. Làm bài xong, học sinh hoặc phụ huynh chụp ảnh bài làm, gửi qua các hệ thống phần mềm thi trực tuyến hoặc phần mềm khác do giáo viên quy định.\r\n\r\nCác môn học khác sẽ thi trắc nghiệm. Kiến thức trong đề sẽ không rơi vào phần tinh giản, hướng dẫn học sinh tự học, hay dạy học trực tuyến.', '2020-01-01', 1, NULL, '2021-06-03 08:21:46'),
(7, 'Về trường học', 'Hơn 100 trường tự chủ, tư thục Hà Nội tuyển sinh lớp 10', '1622733730.jpg', 'Năm học 2021-2022, 111 trường công lập tự chủ tài chính, tư thục tuyển sinh bằng kết quả thi vào lớp 10 THPT công lập hoặc dựa vào học bạ THCS.\r\n\r\nTheo phương án tuyển sinh vào lớp 10 năm học 2021-2022 của các trường THPT công lập tự chủ tài chính, tư thục, được Sở Giáo dục và Đào tạo Hà Nội công bố ngày 12/5, các trường có thể chọn một trong hai hoặc sử dụng cả hai phương thức để tuyển sinh vào lớp 10.\r\n\r\nTrong 111 trường, chỉ có 6 đơn vị chọn một phương thức sử dụng kết quả thi vào lớp 10 THPT công lập của Hà Nội, gồm: Thực nghiệm Khoa học giáo dục, Đoàn Thị Điểm, Hoàng Cầu, Tạ Quang Bửu, Lê Văn Thiêm, Lương Thế Vinh. 69 trường chỉ xét tuyển bằng học bạ và 36 trường khác tuyển sinh theo cả hai phương thức. Các trường công lập tự chủ tài chính và tư thục được tuyển sinh toàn thành phố, không phân biệt khu vực.\r\n\r\nNgoài ra, 29 trung tâm giáo dục nghề nghiệp - giáo dục thường xuyên tại Hà Nội đều xét kết quả rèn luyện và học tập của học sinh tại bậc THCS để tuyển sinh.', '2020-01-01', 1, NULL, '2021-06-03 08:22:10'),
(8, 'Về trường học', 'Hai trường tiên phong kiểm tra học kỳ online', '1622733760.jpg', 'Trường THPT Chuyên Ngoại ngữ và THPT Phan Huy Chú - Đống Đa đã tổ chức kiểm tra online nhờ có nền tảng công nghệ thông tin và ngân hàng câu hỏi.\r\n\r\nTừ sáng sớm, cô Lại Thị Phương Thảo, Phó hiệu trưởng trường THPT Chuyên Ngoại ngữ, Đại học Ngoại ngữ, Đại học Quốc gia Hà Nội, đã có mặt tại phòng họp hội đồng của trường để kiểm tra, rà soát hệ thống máy chủ, xem lại bảng phân công nhiệm vụ giáo viên trước khi bước vào ngày kiểm tra online thứ ba.\r\n\r\nTừ ngày 10/5 đến 14/5, trường chuyên Ngoại ngữ lần đầu tiên thử nghiệm kiểm tra học kỳ II online. Cô Thảo cho biết ban đầu trường khá dè dặt, nhưng trước yêu cầu đổi mới và thích ứng trong điều kiện dịch bệnh Covid-19 phức tạp, Ban giám hiệu quyết định thử nghiệm tại một số môn, gồm: Giáo dục công dân, Hóa học, Vật lý (khối 10 và 11), Lịch sử, Địa Lý (khối 11).\r\n\r\nVì chỉ có ít ngày chuẩn bị, nhà trường ưu tiên chọn những môn có thể thiết kế câu hỏi theo hình thức trắc nghiệm nhiều phương án. Những môn yêu cầu kỹ năng viết, trình bày như Toán, Văn và Ngoại ngữ 1 (môn chuyên) sẽ kiểm tra sau, vừa để theo dõi tình hình dịch bệnh, vừa để hoàn thiện và nâng cấp hệ thống kỹ thuật.\r\n\r\nKhi quyết định kiểm tra online, trường chuyên Ngoại ngữ cho rằng có hai nhóm công việc chính cần hoàn thành. Thứ nhất là tìm kiếm nền tảng công nghệ phù hợp. Cô Thảo cho rằng thầy trò rất may mắn khi được thụ hưởng tài nguyên của Đại học Ngoại ngữ. \"Học sinh đã được cấp tài khoản, mật khẩu trên phần mềm MS Teams từ những lần học online trước đó nên nền tảng công nghệ thông tin của trường được đồng bộ hóa, khá chủ động, dễ dàng\", cô nói.\r\n\r\nBài thi được thiết kế với giao diện dễ sử dụng với đồng hồ đếm ngược ở góc màn hình máy tính. Học sinh lựa chọn đáp án, khi hoàn thành sẽ bấm nộp bài hoặc hệ thống tự động nộp khi hết giờ. Điểm bài thi sẽ được hệ thống chấm ngay sau khi kết thúc, giảm một phần công việc cho giáo viên so với trước kia.\r\n\r\nThứ hai, về khía cạnh chuyên môn, mỗi giáo viên bộ môn được yêu cầu chuyển câu hỏi dạng word, vốn để in ra cho học sinh làm tại lớp, sang dạng trắc nghiệm với nhiều phương án lựa chọn. Số lượng câu hỏi mỗi giáo viên cần hoàn thiện khoảng vài chục, sau đó chuyển cho bộ phận kỹ thuật để đưa vào phần mềm.\r\n\r\nNgoài ra, để ngăn việc học sinh tra cứu trên Google, những câu hỏi có thể dễ dàng tìm kiếm đáp án trên mạng được hạn chế trong đề thi. Lãnh đạo trường chuyên Ngoại ngữ đánh giá, vì đã quen với thiết kế các câu hỏi kiểm tra 15 phút và một tiết, giáo viên không gặp nhiều khó khăn trong công đoạn này.\r\n\r\nĐể tránh học sinh gian lận, trường chuyên Ngoại ngữ ban hành quy chế, quy định được và không được làm gì. Theo đó, các em được yêu cầu mặc đồng phục, bật camera để giám thị giám sát. Trường cũng bố trí đội ngũ thanh tra, pháp chế và nhân viên kỹ thuật để đảm bảo giờ kiểm tra diễn ra suôn sẻ, nghiêm túc.\r\n\r\nCô Thảo cho biết thêm, MS Teams còn có tính năng đảo đề. Dù học sinh cùng làm chung một đề, thứ tự câu hỏi và các phương án lựa chọn sẽ khác nhau giữa từng em, hạn chế việc bàn bạc, cho nhau chép bài.', '2020-01-01', 1, NULL, '2021-06-03 08:22:40'),
(9, 'Các khóa học', 'Hơn một triệu thí sinh đăng ký dự thi tốt nghiệp THPT', '1622733780.jpg', 'Đến 17h ngày 11/5, cả nước có hơn một triệu thí sinh đăng ký dự thi tốt nghiệp THPT, trong đó gần 792.000 đăng ký xét tuyển vào đại học, cao đẳng sư phạm.\r\n\r\nHôm nay là ngày cuối cùng học sinh lớp 12 đăng ký dự thi tốt nghiệp THPT và xét tuyển đại học, cao đẳng theo phương thức trực tiếp. Thống kê đến 17h của Bộ Giáo dục và Đào tạo, tổng số thí sinh đăng ký dự thi gần 1.015.000, nhiều hơn năm trước khoảng 100.000. Trong đó, thí sinh tự do gần 42.000 (chiếm 4,13%).\r\n\r\nSố thí sinh chỉ thi để xét tốt nghiệp THPT hơn 222.000 (chiếm 21,91%). Số chỉ xét tuyển đại học và xét tuyển cao đẳng sư phạm gần 34.000 (chiếm 3,33%). Số vừa xét tốt nghiệp, vừa xét tuyển đại học gần 759.000 (chiếm 74,76%).\r\n\r\nTổng số thí sinh đăng ký dự thi bài Khoa học tự nhiên gần 342.600 (chiếm 33,85%), thấp hơn nhiều so với gần 542.000 thí sinh dự thi bài Khoa học xã hội. Đây cũng là xu hướng được nhiều trường THPT dự đoán những năm gần đây.\r\n\r\nTính riêng về tuyển sinh đại học, số lượng nguyện vọng tính đến nay là hơn 3,5 triệu, trung bình mỗi thí sinh đăng ký 5. Có một thí sinh đăng ký 99 nguyện vọng.\r\n\r\nTrong số thí sinh đăng ký xét tuyển, khoảng một nửa thực hiện theo phương thức trực tiếp cùng với đăng ký dự thi. Một nửa đăng ký trực tuyến - hình thức mới được triển khai trong năm nay. Với đăng ký trực tuyến, thí sinh sẽ được điều chỉnh nhiều lần hoặc đăng ký thêm nguyện vọng cho đến 17h ngày 16/5. Đây là lợi thế so với đăng ký trực tiếp. Cũng với đổi mới này, số lượng thí sinh đăng ký xét tuyển đại học và số nguyện vọng có thể tiếp tục thay đổi trong 5 ngày tới.', '2020-01-01', 1, NULL, '2021-06-03 08:23:00'),
(10, 'Các khóa học', 'Ráo riết ôn thi cho học sinh cuối cấp', '1622733797.jpg', 'Nhiều trường THCS, THPT chia đôi lớp học để giãn cách phòng Covid-19, tăng tiết ôn tập cho học sinh lớp 9 và 12; hàng trăm trường khác chọn dạy online.\r\n\r\nNgày 11/5, gần 300 học sinh lớp 9 trường THCS Lương Định Của (TP Thủ Đức) đến trường đông đủ, tham gia buổi học hoàn tất chương trình và ôn thi tuyển sinh lớp 10 công lập. Để đảm bảo giãn cách phòng dịch, trường tách mỗi lớp thường ngày thành hai lớp nhỏ, khoảng 20 em.\r\n\r\nLà giáo viên Văn, cô Nguyễn Thị Mai Liên một lúc phụ trách hai lớp (đã chia tách) nên phải giao bài tập cho nhóm học sinh lớp này rồi tất tả sang lớp bên giảng một tác phẩm thơ. Xong việc, cô giao bài tập cho các em rồi lội ngược qua lớp kia giảng lại bài thơ.Theo định hướng ra đề thi lớp 10 những năm gần đây, học sinh được kiểm tra kỹ năng giải quyết vấn đề hơn là kiến thức trong sách giáo khoa. \"Hiện là giai đoạn tăng tốc, chúng tôi ôn cho các em theo dạng giải đề, giúp làm quen và rèn luyện kỹ năng chứ không thể học lại từng đơn vị bài học\", cô Liên cho biết.', '2020-01-01', 1, NULL, '2021-06-03 08:23:17'),
(11, 'Giao viên', 'Đỗ Đại Học', '1622733816.jpg', 'Câu chuyện tới trường của cô giáo Đào Thị Phượng, giáo viên Trường phổ thông dân tộc bán trú Trung học cơ sở Nậm Ngà tỉnh Lai Châu kể đã làm biết bao người nghe phải nghẹn ngào vì xúc động.Thương các cô phải băng rừng lội sông, người lấm lem bùn đất, dăm bảy người gắng sức cũng chưa đẩy nổi “con ngựa sắt” vì đất nhão bám đầy.Đi trên đoạn đường mà đất đá chênh vênh, bên dưới là vực cao hào sâu.Cái chết như cận kề vì đã từng có biết bao giáo viên vùng cao mất mạng vì lũ cuốn, vì đắm bè, vì rơi xuống vực sâu...Không chỉ thế, cuộc sống nơi này cũng luôn đối mặt với muôn ngàn khó khăn.Thế nhưng nhiều thầy cô giáo vùng cao vẫn ngày đêm bám trụ đưa con chữ đến với đồng bào nơi vùng Tây Bắc xa xôi.', '2021-02-03', 2, NULL, '2021-06-03 08:23:36'),
(12, 'Giao viên', 'cô giáo Phan Tuyết chia sẻ câu chuyện về những khó khăn vất vả của giáo viên vùng cao tại tỉnh Lai Châu.', '1623762949.jpg', 'Nơi ở của thầy cô giáo nơi đây gọi là nhà xem ra xa xỉ. Nói đúng hơn chỉ là căn chòi tạm được ghép lại bởi vài tấm gỗ mỏng, vách thưa gió lùa buốt lạnh.\r\n\r\nĐêm đêm tiếng chuột chạy ra chạy vào trêu nhau chí choé cũng lấy làm vui cho bớt cảnh hoang vu lạnh lẽo.\r\n\r\nTrong phòng không có tủ, bàn hay giá sách. Một dây thép dài căng từ cột nhà này sang cột nhà khác để làm dây phơi và toàn bộ quần áo các thầy cô đều treo lên đó....\r\nVốn cách xa thị trấn và đường đi hiểm trở, giáo viên nơi này phần lớn để con ở dưới xuôi cho ông bà nội ngoại chăm sóc giùm.\r\nThầy cô đi dạy và ở lại trường một năm chỉ về nhà 2 lần vào dịp Tết và dịp nghỉ hè.\r\n\r\nDù thương và nhớ con đến đứt ruột gan cũng đành chịu bởi đường đi không chỉ xa mà vô cùng hiểm trở.', '2020-01-01', 0, NULL, '2021-06-15 06:15:49'),
(13, 'Giao viên', 'Cô giáo Sơn La băng rừng vượt suối đến trường giữa cao nguyên mây trắng', '1623812102.png', 'Hành trình đến với trường Mầm non Quang Huy 2 (Xã Quang Huy, Huyện Phù Yên, Tỉnh Sơn La) là một trong những hành trình đầy gian khó của các thầy cô giáo đang ngày đêm bám bản gieo chữ giữa miền cao nguyên.\r\nTuy nằm trong khu vực hẻo lánh của núi rừng nhưng trường Mầm non Quang Huy 2 chưa một ngày thiếu tiếng ê a của học trò, dù nắng hay mưa, dù mưa giông hay gió bão.\r\nĐiểm trường mới được thành lập, các phòng học đều tạm bợ, thiếu thốn đồ dùng, đồ chơi thiết yếu cho nhu cầu giảng dạy và học tập cho 169 bé cho lớp nhà trẻ và mẫu giáo, tỷ lệ 100% thuộc con em các hộ nghèo và cận nghèo, trong đó 96% là dân tộc H’ Mông, 4% thuộc dân tộc Thái.\r\nĐầu tháng 8/2018, báo Điện tử Giáo dục Việt Nam đã nhận được tập ảnh “nhật ký” của các thầy, cô giáo đi lao động, cải tạo cho điểm trường để chuẩn bị cho các em học sinh năm học mới.', '2021-02-03', 0, NULL, '2021-06-15 19:55:02'),
(14, 'Giao viên', 'Cô giáo trẻ và hành trình 10 năm “cõng chữ” lên non', '1623812140.jpg', 'Tôi tình cờ biết đến cô giáo Trần Thị Thu Trang qua bài viết được cô chia sẻ trên mạng xã hội. Đó là một đoạn clip ngắn “yêu lao động của học sinh vùng cao” bằng việc nhặt lá bàng đỏ rụng rơi quanh điểm trường Bó Mười B (xã Bó Mười, huyện Thuận Châu, tỉnh Sơn La).\r\nTrong đoạn video ngắn ấy, tôi không chú ý nhiều đến khung cảnh nghèo khó của điểm trường Bó Mười B, vì chuyện ấy chẳng còn lạ lẫm với những lớp học vùng cao. Thế nhưng, tiếng cười nói vui vẻ trong sự nghèo khó mới làm con người ta cảm phục, tò mò.\r\nTôi chủ động liên lạc với cô Thu Trang. Lần đầu trò chuyện, cô giáo còn có chút e ngại nhưng đã khiến tôi thấy cảm mến, thân thương. Câu chuyện của chúng tôi bắt đầu từ lúc hai giờ sáng, đó là lúc mà cô giáo vẫn còn thức để xem những bài dạy mẫu trực tuyến chương trình giáo dục phổ thông mới, cùng với những trăn trở về điều kiện vật chất cho các em học sinh khi ngày khai giảng đang cận kề.\r\nCô Trang kể rằng, hành trình gắn bó với công tác \"gieo chữ\" miền núi của cô năm đã bước sang năm thứ mười. Xã Bó Mười, huyện Thuận Châu, tỉnh Sơn La nơi cô Trang dạy học, thuộc vùng sâu xa nhất huyện lị và là nơi sinh sống tập trung của đồng bào dân tộc Thái. Học sinh Trường Tiểu học Bó Mười B đều là người dân tộc Thái có hoàn cảnh đặc biệt khó khăn.', '2021-02-03', 0, NULL, '2021-06-15 19:55:40'),
(15, 'Giao viên', 'Nỗi niềm thầm kín của cô giáo trên đỉnh Ngải Thầu', 'https://photo-cms-giaoduc.zadn.vn/w700/Uploaded/2021/lcgkcwvo/2020_11_24/gdvn-cotuyen-2-7380.jpg', 'Theo nghĩa tiếng Mông, Ngải Thầu là chân tảng đá, Nà Bủng là ruộng sâu róm. Dãy Ngải Thầu cao 1.500m so với mặt nước biển.\r\nNhìn trên bản đồ, điểm nhô ra xa nhất trên đường biên tiếp giáp nước bạn Lào của tỉnh Điện Biên, ấy là vùng Ngải Thầu.\r\nỞ đó, có tiếng trẻ thơ ê a những bài học đầu đời, những đứa trẻ bắt đầu chập chững với ước mơ về những bữa cơm no, áo ấm.\r\nTừ những năm tháng ấy, việc “gieo chữ” ở xã biên giới còn nhiều khó khăn của huyện Nậm Pồ là cả một hành trình dài, không chỉ đòi hỏi sự quyết tâm của các cấp các ngành mà hơn cả là sự vượt qua những gian khó của các cô giáo mầm non.\r\nNhững năm trước, những thầy cô giáo gan dạ nhất, quyết tâm nhất cũng đã từng không ít lần “chông chênh” khi nhận công tác tại vùng biên giới của Nậm Pồ.\r\nThế nhưng, nhiệt huyết, thanh xuân và hơn cả là lòng yêu mến con trẻ đã níu chân các thầy, cô giáo ở lại.\r\nTrên đỉnh Ngải Thầu, bản Ngải Thầu 2, ngoài lớp học tiểu học còn có điểm trường mầm non của trường Mầm non Nà Bủng (xã Nà Bủng, Nậm Pồ, Điện Biên) với 2 lớp nhà trẻ và lớp mẫu giáo ghép 3 độ tuổi tổng số 45 học sinh, nhưng chỉ có 2 cô giáo phụ trách.', '2021-02-03', 2, NULL, NULL),
(16, 'Giao viên', 'Bố mẹ muốn con cái trở thành kỹ sư, công an nhưng tôi chỉ muốn là cô giáo', 'https://photo-cms-giaoduc.zadn.vn/w700/Uploaded/2021/bpcgtqvp/2019_11_25/1_1.jpg', 'Cô gái Lương Thị Hòa (sinh năm 1986) sinh ra trong một gia đình công nhân, bố mẹ khăn gói từ dưới xuôi theo tiếng gọi Tổ quốc xây dựng Thủy điện Hòa Bình lên đây lập nghiệp. \r\n“Bố mẹ tôi từ nhỏ cứ thích các con sau này làm kĩ sư, hoặc công an, bác sĩ gì đó. Nhưng tôi chỉ nuôi một mơ ước sau này lớn lên mình được trở thành một cô giáo và ước mơ ấy theo tôi cho hết tuổi thơ mình”, cô Hòa kể. \r\nMang trong mình hoài bão và sự nhiệt huyết của tuổi trẻ, năm 2004, cô học trò Lương Thị Hòa thi đỗ và theo học tại trường Cao đẳng sư phạm Hòa Bình. Vì gia đình không có ai làm nghề giáo nên bố mẹ trăn trở không biết ra trường sẽ đi đâu về đâu. \r\nRồi cái ngày khát khao ấy cũng đến, năm 2007 cô bé tân sinh viên ngày nào ra trường. Lúc đó, một cô sinh viên Sư phạm Âm nhạc chưa có nhiều va vấp và cũng chưa có quá nhiều trải nghiệm cuộc sống đời thường nhưng thật may mắn cô Hòa được Phòng Giáo dục và Đào tạo huyện Đà Bắc, Hòa Bình tuyển dụng lên ngôi trường Trung học cơ sở Yên Hòa để công tác.\r\n“Cầm trên tay tờ giấy tuyển dụng mà lòng tôi lâng lâng, hạnh phúc vô cùng bởi từ nay chính thức trở thành cô giáo. Tôi thao thức suốt đêm chờ trời sáng để mai lên đường đến trường', '2021-02-03', 2, NULL, NULL),
(17, 'Giao viên ', 'Cô giáo 12 năm đi 55km tới trường hàng ngày', 'https://photo-cms-giaoduc.zadn.vn/w700/Uploaded/2021/kvxbflu/2012_11_13/co-giao-giaoduc.net.vn.jpg', 'Cô là Phạm Thị Hằng, sinh năm 1977. Tốt nghiệp CĐ Sư phạm chuyên ngành Ngữ văn năm 1999 - cô bắt đầu sự nghiệp \"trồng người\" tại Trường THCS xã Phúc An (Yên Bái) năm 2000. Và cũng thời gian này, cô trở thành vợ của một người lính. Tới năm 2002, cô được điều chuyển về trường THCS xã Yên Thành và là giáo viên giảng dạy tại đây tới nay.\r\nHỏi về lịch trình hàng ngày, cô niềm nở cho hay, một ngày mới bắt đầu từ từ lúc 4 giờ sáng để nấu cơm. 5 giờ kém, thức các con dậy, cho con ăn và đi gửi con rồi đến việc công. Ngày nắng cũng như ngày mưa, từ nhà đến trường là 55km, cô phải căn giờ để chậm nhất là 7h10 phút phải có mặt ở lớp.\r\nMười hai năm cho một hành trình không đổi với 55 km cho mỗi lượt đi về tại các ngôi trường vùng 135 (Chương trình phát triển kinh tế xã hội các xã đặc biệt khó khăn vùng dân tộc thiểu số và miền núi).\r\nNăm học 2012-2013, cô giáo Hằng được phân công chủ nhiệm lớp 9 và phụ trách một phòng bán trú 31 học sinh.\r\nNếu chỉ tính theo quy định, định mức lao động của cô là 17 tiết mỗi tuần. Phải tận mắt nhìn những việc làm của cô cũng như các cô giáo ở nơi đây, mới có thể cảm nhận được phần nào sự nỗ lực đến tột cùng.', '2021-02-03', 2, NULL, NULL),
(18, 'Giao viên', 'Cảm phục cô giáo trẻ tâm huyết với ngôi trường vùng cao', 'https://photo-cms-giaoduc.zadn.vn/w700/Uploaded/2021/bpivptiv/2012_04_07/tran_le_quyen_giaoduc.net.vn_copy_copy.jpg', 'Đó là lời tâm sự của chị Trần Lệ Quyên, 29 tuổi, hiện là Quyền Hiệu trưởng Trường THCS Bản Giang, thuộc xã Bản Giang, huyện Tam Đường, tỉnh Lai Châu. Sau khi tốt nghiệp ĐH, chị đã quyết định lên công tác tại ngôi trường này chỉ với ước mong đem con chữ đến với các em học sinh thuộc vùng kinh tế đặc biệt khó khăn.\r\nTôi đã được nghe những chia sẻ chân thành, cảm động của chị trong một lần đến thăm ngôi trường này.\r\nChào chị Quyên! Rất vui được trò chuyện cùng chị hôm nay. Đã gắn bó với ngôi trường này được 8 năm, mong muốn lớn nhất của chị dành cho các em học sinh cũng như ngôi trường mình đang công tác là gì?\r\nCô Giáo Trần Lệ Quyền: Mơ ước lớn nhất không chỉ của riêng tôi mà còn của các thầy cô, đó chính là các em học sinh đi học đầy đủ, đúng giờ. Tôi mong tất cả các em đều được tới trường, được học tập như tất cả các em học sinh khác trong cả nước. Mong cho tương lai của các em sẽ sáng sủa hơn cha mẹ mình, cuộc sống của các em sẽ ấm no hơn.\r\nSau khi ra trường, chị đã quyết định lên nhận công tác tại vùng kinh tế đặc biệt khó khăn này, từ bỏ cơ hội có một công việc tốt hơn tại thành phố, động lực nào đã thôi thúc chị đưa ra quyết định như vậy?\r\n\r\n', '2021-02-03', 2, NULL, NULL),
(19, 'Giao viên', 'Tâm sự xúc động: Cô giáo vùng cao chưa một lần đưa con đi khai giảng', 'https://photo-cms-giaoduc.zadn.vn/w700/Uploaded/2021/kvxbflu/2012_09_06/lop-hoc-vung-cao-giaoduc.net.vn_2.jpg', 'Trong không khí náo nức bước vào năm học mới của học sinh cả nước, TS báo Giáo dục Việt Nam nhận được một bài viết xúc động của cô giáo Lò Thị Én Xuân, Giáo viên Trường Tiểu học Nậm Mười, Văn Chấn, Yên Bái chia sẻ những tình cảm rất thật của mình trong suốt 15 năm công tác ở vùng cao.\r\nLại một mùa khai giảng nữa mình có mặt ở vùng cao - mảnh đất Nậm Mười với biết bao khó khăn, thiếu thốn, nhọc nhằn. Mới đó mà đã 15 năm trôi qua, mình đã là cô giáo cắm bản lâu nhất ở mảnh đất này, một cô giáo vùng cao đúng nghĩa.\r\nNgày 5/9 cũng là ngày khai giảng đầu tiên của con trai thứ hai của mình. Năm nay, bé vào lớp 1. Giống như chín lần khai giảng của cậu con trai đầu, cả hai vợ chồng mình đều không có ở nhà để đưa con đi khai giảng. Nhìn những học trò vui vẻ, háo hức được cha mẹ dẫn tới trường, mình lại thấy thương và nhớ các con. Nhưng công việc là vậy, biết làm sao được? Nhiều lúc mình cứ nghĩ đó có phải là thiệt thòi của giáo viên vùng cao?\r\nNăm học này, mình lại được phân công giảng dạy lớp 1, không hiểu đó có phải là cái duyên không mà hơn chục năm qua mình đều là cô giáo lớp 1. Vất vả lắm, bởi học sinh nơi đây không sõi tiếng Kinh, phải dạy các em từ cách đi đứng, chào hỏi đến cầm phấn, cầm bút...\r\nMấy ngày đầu nhận lớp mình cũng nản nhưng rồi nghĩ học trò như con mình, lại thiếu ăn, thiếu mặc... thương các em nghèo khó mà cố gắng. Học sinh của 3 khu Khe Lo, Bó Sưu và Làng Cò cùng nhau về đây học tập. Em xa nhất nhà cách trường cũng đến sáu, bảy cây số. Các em còn nhỏ, việc đi lại rất khó khăn vì phải lên dốc, xuống đèo, qua khe, qua suối. Ngày đầu tiên, cứ chiều đến là có mấy em học sinh cầm túi quần áo đòi xin về. ', '2021-02-03', 2, NULL, NULL),
(20, 'Giao viên', 'Cô giáo hết lòng vì học trò nghèo vùng cao\r\n', 'https://nhandan.com.vn/imgold/media/k2/items/src/4276/8965cae921ea5c961aa23c08a1d6e339.jpg', 'Những ngày này, thời tiết khá lạnh. Từ Trường tiểu học Khánh Xuân, thầy giáo Lãnh Văn Quanh, Phó Hiệu trưởng nhà trường dẫn chúng tôi vào điểm trường thôn Lũng mất khoảng hơn bốn giờ đồng hồ. Đường vào điểm trường quanh co, uốn lượn, nhiều đá cục và khó đi. Thầy Quanh cười chia sẻ: Với giáo dục vùng cao, chuyện vượt núi, rừng đến trường, đến lớp như là cơm bữa. Nhưng có tới 27 năm gắn bó với các điểm bản vùng cao như cô Nông Thị Huyền có lẽ không nhiều người làm được.\r\nCô giáo Nông Thị Huyền (dân tộc Tày) vừa tan giờ học, cho biết, điểm trường thôn Lũng có năm lớp, bảy giáo viên và 65 học sinh. Do quanh khu vực đều là núi đá vôi, điểm trường luôn thiếu nước, trong khi điện lưới thì chưa có. Mọi sinh hoạt của giáo viên và học sinh rất khó khăn. Phần lớn các thầy giáo, cô giáo đều phải tranh thủ soạn bài vào ban ngày, sau khi tan học. Cô Huyền đã năm lần luân chuyển công tác tại các điểm trường. Mỗi điểm trường có đặc điểm riêng nhưng đều là những điểm ở bản làng vùng cao heo hút, cơ sở vật chất thiếu thốn, học sinh phải băng rừng đi học, trong khi cha mẹ học sinh chưa quan tâm đến việc học của con em mình.\r\nSuốt những năm trong nghề, cô Huyền không thể nhớ hết những ngày cùng đồng nghiệp lặn lội đến các thôn, bản để tuyên truyền, vận động học sinh không bỏ học giữa chừng. Rồi không ít câu chuyện rơi nước mắt của học trò nghèo, kiên trì tới lớp, mùa đông giá rét, chỉ mặc chiếc áo mỏng vừa học vừa run. “Dù dạy học trong điều kiện khó khăn, vất vả nhưng sự hồn nhiên, vô tư của các em học sinh và tình cảm chan hòa, gần gũi của đồng bào dân tộc đã luôn sưởi ấm tình yêu nghề của giáo viên”- cô Huyền chia sẻ. Trong công tác chuyên môn, cô Huyền luôn tích cực trau dồi kiến thức, chịu khó nghiên cứu, tìm tòi sáng tạo để đưa ra phương pháp giảng dạy dễ hiểu, giúp học sinh nắm chắc kiến thức. Những em có hoàn cảnh khó khăn cô luôn ân cần, vỗ về chỉ bảo, coi như con mình. Trong công việc cũng như trong cuộc sống, bản thân cô Huyền luôn gương mẫu và thực hiện tốt nhiệm vụ của người cán bộ giáo viên, luôn tích cực tham gia mọi phong trào và hoạt động của nhà trường. Để nâng cao chất lượng giáo dục, cô Huyền cùng các thầy giáo, cô giáo không ngừng tìm tòi, học hỏi kinh nghiệm từ đồng nghiệp, tham khảo tài liệu, sách báo. Với sự cố gắng và sự nhiệt huyết với nghề, hằng năm, số học sinh đi học chuyên cần ở các điểm trường đều tăng.\r\nNói về người đồng nghiệp của mình, cô giáo Đoàn Thị Nguyệt, điểm trường thôn Lũng chia sẻ: “Với giáo viên vùng cao chúng tôi, chuyện vượt khó bám trường, bám lớp không còn xa lạ. Nhưng hơn 27 năm liền xa nhà, bám trường, bám lớp, gắn bó với học sinh như cô giáo Huyền thì thật đáng khâm phục. Cô giáo Huyền luôn là tấm gương để cho các cô giáo vùng cao noi theo”.', '2020-01-01', 2, NULL, NULL),
(21, 'sự kiện nổi bật của ngành giáo dục trong năm 2020', ' Dịch COVID-19 tác động đến ngành GD&Đ', 'https://photo-cms-plo.zadn.vn/w800/Uploaded/2021/yrfjpybfjpy/2020_12_28/mot-nam-bien-dong-cua-giao-duc-8_ukga.jpg', 'Ngày 1-2, Thủ tướng Chính phủ Nguyễn Xuân Phúc ký Quyết định về việc công bố dịch truyền nhiễm xuất hiện tại Việt Nam. Trước tình hình dịch bệnh phức tạp, 6-3, 63 tỉnh/thành quyết định cho học sinh nghỉ học từ 1 đến 2 tuần để xem diễn biến của dịch. Các trường đại học trên cả nước cũng điều chỉnh lịch đi học trở lại của sinh viên.\r\nThời điểm đó, cứ đến cuối tuần, học sinh, phụ huynh và giáo viên lại nhấp nhổm chờ đợi quyết định từ UBND. Đến ngày 15-2, 56 tỉnh, thành trên cả nước cho học sinh nghỉ học đến hết tháng 2; 5 tỉnh cho nghỉ học đến hết ngày 23-2, riêng Ninh Bình cân nhắc thời gian nghỉ.\r\nBước sang tháng 3, dịch bệnh diễn biến phức tạp, xuất hiện nhiều ca nhiễm mới với tình trạng lây lan cao, hơn 22 triệu học sinh lại tiếp tục được nghỉ học đến đầu tháng 5.\r\nQua thống kê, giai đoạn dịch COVID-19, Việt Nam có gần 80% học sinh sinh viên học trực tuyến, tỷ lệ này cao hơn mức trung bình của các nước OECD là 67,15% và xếp thứ 17/200 quốc gia và vùng lãnh thổ.', '2021-01-02', 3, NULL, NULL),
(22, 'sự kiện nổi bật của ngành giáo dục trong năm 2020', 'Thay đổi về kỳ thi THPT', 'https://photo-cms-plo.zadn.vn/w800/Uploaded/2021/yrfjpybfjpy/2020_12_28/mot-nam-bien-dong-cua-giao-duc-7jpg_qigx.jpg', 'Do ảnh hưởng của dịch bệnh COVID-19 nên kỳ thi THPT đã có sự thay đổi so với các năm trước.\r\nDịch COVID-19 khiến học sinh cả nước không thể đến trường. Trước tình hình đó ngày 14-4, Bộ GD&ĐT đã trình Chính phủ hai phương án thi THPT quốc gia. Phương án 1 nếu dịch bệnh được kiểm soát, học sinh có thể đi học trước ngày 15-6, kỳ thi THPT quốc gia sẽ được tổ chức vào ngày 8 đến 11-8. Phương án 2, nếu dịch bệnh phức tạp hơn, Bộ tính không tổ chức kỳ thi mà giao về cho các địa phương xét tốt nghiệp THPT.\r\nNgày 22-4, Bộ GD&ĐT cho biết do dịch nên kế hoạch năm học 2019-2020 phải điều chỉnh. Bộ cũng đã công bố tinh giản chương trình học kỳ 2 và triển khai học online. Do đó, kỳ thi vẫn sẽ được tổ chức nhưng muộn hơn mọi năm, dự kiến vào cuối tháng 8. Vì luật giáo dục đã có hiệu lực. Do vậy sẽ không tổ chức kỳ thi THPT quốc gia như mọi năm mà tổ chức kỳ thi tốt nghiệp THPT.\r\nKỳ thi tốt nghiệp THPT dự kiến gồm 3 bài thi độc lập (Toán, Ngữ văn, Ngoại ngữ) và 2 bài thi tổng hợp Khoa học Tự nhiên và bài thi Khoa học Xã hội. Trong đó, bài thi Khoa học Tự nhiên gồm tổ hợp của 3 môn Vật lý, Hóa học và Sinh học. Bài thi Khoa học Xã hội đối với thí sinh THPT gồm tổ hợp của 3 môn Lịch sử, Địa lý và Giáo dục công dân. Đối với thí sinh giáo dục thường xuyên gồm tổ hợp của 2 môn Lịch sử, Địa lý. Mỗi bài thi tổng hợp được chấm một đầu điểm thay vì ba đầu điểm môn thành phần như kỳ thi THPT quốc gia.', '2021-02-03', 3, NULL, NULL),
(23, 'sự kiện nổi bật của ngành giáo dục trong năm 2020', 'Triển khai chương trình giáo dục phổ thông 2018', 'https://photo-cms-plo.zadn.vn/w800/Uploaded/2021/yrfjpybfjpy/2020_12_28/mot-nam-bien-dong-cua-giao-duc-4_skae.jpg', 'Năm học 2020-2021 là năm học đầu tiên cả nước áp dụng chương trình giáo dục phổ thông 2018, bắt đầu từ lớp 1.\r\nĐể chuẩn bị cho chương trình giáo dục phổ thông mới, Bộ GD&ĐT đã ban hành nhiều văn bản quy phạm pháp luật, hướng dẫn chuyên môn, tạo hành lang pháp lý để địa phương, cơ sở giáo dục thực hiện. Ngành giáo dục các địa phương đã chuẩn bị sẵn sàng các điều kiện từ việc tập huấn giáo viên, đầu tư cơ sở vật chất, thiết bị dạy học\r\nChương trình giáo dục phổ thông 2018 đối với lớp 1 sẽ gồm tám môn học và một hoạt động giáo dục, dạy học 2 buổi/ngày, mỗi ngày bố trí không quá bảy tiết học; mỗi tiết học 35 phút.\r\nTheo lộ trình, chương trình giáo dục phổ thông mới sẽ được triển khai như sau:\r\nNăm học 2020-2021 đối với lớp 1;\r\nNăm học 2021-2022 đối với lớp 2 và lớp 6;\r\nNăm học 2022-2023 đối với lớp 3, lớp 7 và lớp 10;\r\nNăm học 2023-2024 đối với lớp 4, lớp 8 và lớp 11;\r\nNăm học 2024-2025 đối với lớp 5, lớp 9 và lớp 12.', '2021-01-02', 3, NULL, NULL),
(24, 'sự kiện nổi bật của ngành giáo dục trong năm 2020', ' SGK lớp 1 bị phản ứng', 'https://photo-cms-plo.zadn.vn/w800/Uploaded/2021/yrfjpybfjpy/2020_12_28/mot-nam-bien-dong-cua-giao-duc-1_mpcr.jpg', 'Năm học 2020-2021, học sinh lớp 1 thực hiện chương trình giáo dục phổ thông 2018 và sử dụng sách giáo khoa mới.\r\nBộ GD&ĐT đã phê duyệt 5 bộ sách giáo khoa được sử dụng trong nhà trường. Trong đó 4 bộ sách Chân trời sáng tạo, Cùng học để phát triển năng lực, Kết nối tri thức với cuộc sống, Vì sự bình đẳng và dân chủ trong giáo dục do Nhà xuất bản Giáo dục Việt Nam biên soạn. Riêng bộ sách Cánh Diều do Nhà xuất bản Đại học Sư phạm Hà Nội và Đại học Sư phạm TP.HCM biên soạn.\r\nSau hơn 1 tháng sử dụng sách giáo khoa mới, nhiều phụ huynh và giáo viên dạy lớp 1 phản ánh sách giáo khoa quá nặng, có quá nhiều chữ hơn chương trình cũ. Vì thế, học sinh lẫn phụ huynh đều rất áp lực khi tiếp cận chương trình.\r\n\r\nVấn đề chưa được giải quyết thì bộ sách Cánh Diều lại dậy sóng khi sử dụng những từ ngữ, ngữ liệu không phù hợp với học sinh. Không chỉ bộ sách Cánh Diều mà 4 bộ sách của Nhà xuất bản Giáo dục cũng có rất nhiều lỗi về ngữ liệu và từ ngữ. Về vấn đề này, Bộ trưởng Bộ GD&ĐT Phùng Xuân Nhạ đã có chỉ đạo, yêu cầu các nhà xuất bản tổng rà soát các bộ sách giáo khoa trên tinh thần cầu thị tiếp thu ý kiến góp ý của dư luận, giáo viên, đề xuất phương án chỉnh sửa phù hợp.\r\nĐến nay, bộ Cách Diều đã được duyệt phương án chỉnh sửa. NXB sẽ in 1 triệu tài liệu chỉnh sửa để phát cho học sinh. ', '2020-01-01', 3, NULL, NULL),
(25, 'sự kiện nổi bật của ngành giáo dục trong năm 2020', ' Đại học Đông Đô cấp hằng trăm bằng giả', 'https://photo-cms-plo.zadn.vn/w800/Uploaded/2021/yrfjpybfjpy/2020_12_28/mot-nam-day-bien-dong-9_utyd.jpg', 'Ngày 25-11, theo Bộ Công an, trường Đại học Đông Đô dù chưa được Bộ GD&ĐT cấp phép đào tạo văn bằng hai ngành ngôn ngữ tiếng Anh. Tuy nhiên, từ tháng 4-2017, Chủ tịch Hội đồng quản trị trường chỉ đạo cấp dưới ký thông báo tuyển sinh gửi tới các cơ sở, cá nhân để hợp tác đào tạo. Kết quả, 12 cơ sở đã tuyển sinh được hơn 3.500 học viên, thu về hơn 24 tỉ đồng.\r\n\r\nĐáng chú ý, trường còn tiếp nhận hồ sơ học viên, không tổ chức thi đầu vào, không đào tạo theo chương trình, đồng thời hướng dẫn học viên hợp thức các bài thi bằng cách phát đề thi và đáp án rồi chép lại.\r\n\r\n193 người là con số được cơ quan điều tra xác định do Đại học Đông Đô cấp bằng không qua tuyển sinh, đào tạo. Ngày 25-11, theo Bộ Công an, trường Đại học Đông Đô dù chưa được Bộ GD&ĐT cấp phép đào tạo văn bằng hai ngành ngôn ngữ tiếng Anh. Tuy nhiên, từ tháng 4-2017, Chủ tịch Hội đồng quản trị trường chỉ đạo cấp dưới ký thông báo tuyển sinh gửi tới các cơ sở, cá nhân để hợp tác đào tạo. Kết quả, 12 cơ sở đã tuyển sinh được hơn 3.500 học viên, thu về hơn 24 tỉ đồng.\r\n\r\nĐáng chú ý, trường còn tiếp nhận hồ sơ học viên, không tổ chức thi đầu vào, không đào tạo theo chương trình, đồng thời hướng dẫn học viên hợp thức các bài thi bằng cách phát đề thi và đáp án rồi chép lại.\r\n\r\n193 người là con số được cơ quan điều tra xác định do Đại học Đông Đô cấp bằng không qua tuyển sinh, đào tạo. ', '2020-01-01', 3, NULL, NULL),
(26, 'sự kiện nổi bật của ngành giáo dục trong năm 2020', 'Việt Nam giành 2 Huy chương Vàng Olympic Toán học quốc tế 2020', 'https://photo-cms-plo.zadn.vn/w800/Uploaded/2021/yrfjpybfjpy/2020_12_28/mot-nam-day-bien-dong-9_utyd.jpg', 'Olympic Toán học quốc tế lần thứ 61 năm 2020 do Liên bang Nga đăng cai tổ chức theo hình thức thi trực tuyến. Đội tuyển quốc gia Việt Nam dự thi tại trường Đại học Khoa học Tự nhiên, Đại học Quốc gia Hà Nội.Kỳ thi năm nay có 616 thí sinh đến từ 105 quốc gia và vùng lãnh thổ. Kết quả, có 316 thí sinh đoạt Huy chương. Với 2 Huy chương Vàng, 1 Huy chương Bạc, 2 Huy chương Đồng và 1 Bằng khen, đội tuyển quốc gia Việt Nam đứng thứ 17 trên 105 đội tuyển dự thi.\r\nThành tích của đội tuyển quốc gia dự thi Olympic Toán học quốc tế năm 2020 được khép lại một mùa Olympic khu vực và quốc tế thành công với 24/24 thí sinh dự thi đoạt giải (9 Huy chương Vàng, 8 Huy chương Bạc, 5 Huy chương Đồng, 2 Bằng khen).\r\n\r\nKết quả này tiếp tục khẳng định vị thế của học sinh phổ thông Việt Nam trên đấu trường trí tuệ quốc tế.\r\nKỳ thi năm nay có 616 thí sinh đến từ 105 quốc gia và vùng lãnh thổ. Kết quả, có 316 thí sinh đoạt Huy chương. Với 2 Huy chương Vàng, 1 Huy chương Bạc, 2 Huy chương Đồng và 1 Bằng khen, đội tuyển quốc gia Việt Nam đứng thứ 17 trên 105 đội tuyển dự thi.\r\n\r\nThành tích của đội tuyển quốc gia dự thi Olympic Toán học quốc tế năm 2020 được khép lại một mùa Olympic khu vực và quốc tế thành công với 24/24 thí sinh dự thi đoạt giải (9 Huy chương Vàng, 8 Huy chương Bạc, 5 Huy chương Đồng, 2 Bằng khen).\r\nKết quả này tiếp tục khẳng định vị thế của học sinh phổ thông Việt Nam trên đấu trường trí tuệ quốc tế.  ', '2020-01-01', 3, NULL, NULL),
(27, 'Lý do khiến bạn nên học đại học ngay hôm nay', 'Tăng cơ hội việc làm', 'https://lh3.googleusercontent.com/proxy/HeU_Y7PKzdOPkCjNFJE1AJfn6khSE8oIeHnVXEhWOkzexaKa2kMbdoPmMZKG_8M12FI3BWuvY3UiVMfGquX1i9D9Rch1k-U3u-rhcx1LfyqS9EL0WRo', 'Nhiều người cho rằng công việc của họ không cần sử dụng đến những kiến thức được học tại đại học, nhưng sự thật là để có được công việc đó thì yếu tố cần là một tấm bằng đại học.', '2020-01-01', 4, NULL, NULL),
(28, 'Lý do khiến bạn nên học đại học ngay hôm nay', 'Có thể có thu nhập cao hơn', 'https://newsmd1fr.keeng.net/media_old_2016/medias12/5211851fbca27/2015/02/26/190f65f0-17fe-4f23-bf31-e18b5abf7eed.jpg', ' Ỏ nhiều nơi làm việc như các cơ quan nhà nước, cùng một vị trí như nhau, số năm kinh nghiệm như nhau thì những người có bằng cấp cao hơn sẽ được hưởng mức lương cao hơn.', '2020-01-01', 4, NULL, NULL),
(29, 'Lý do khiến bạn nên học đại học ngay hôm nay', 'Tạo dựng các mối quan hệ', 'https://channel.mediacdn.vn/thumb_w/640/2020/11/25/photo-6-16062809907692034561365.jpg', 'Những mối quan hệ với bạn bè hay thậm chí là các giáo sư mà bạn có được trong trường đại học có thể giúp ích cho bạn trong tương lai.', '2020-01-01', 4, NULL, NULL),
(30, 'Lý do khiến bạn nên học đại học ngay hôm nay', ' Khám phá ra nhiều khả năng của bản thân', 'https://taotruonghoc.com/wp-content/uploads/2019/12/Con-b%E1%BA%A1n-c%C3%B3-n%C3%AAn-h%E1%BB%8Dc-%C4%91%E1%BA%A1i-h%E1%BB%8Dc-ngay-sau-khi-t%E1%BB%91t-nghi%E1%BB%87p-trung-h%E1%BB%8Dc.png', 'Những môn học ở trung học khiến bạn khó biết được bản thân thực sự thích gì và thế mạnh của bạn là gì nhưng những môn chuyên ngành', '2020-01-01', 4, NULL, NULL),
(31, 'Lý do khiến bạn nên học đại học ngay hôm nay', 'Rèn luyện kỹ năng', 'https://channel.mediacdn.vn/thumb_w/640/2020/11/25/photo-4-16062809907551962311637.jpg', 'Tại trường đại học, bạn sẽ có cơ hội học tập và rèn luyện nhiều kỹ năng mềm như đàm phán, thuyết trình, giao tiếp, làm việc nhóm,...', '2020-01-01', 4, NULL, NULL),
(32, 'Lý do khiến bạn nên học đại học ngay hôm nay', 'Phát triển tư duy phản biện', 'https://blog.hocmai.vn/wp-content/uploads/2017/06/t%E1%BA%A1i-sao-c%E1%BB%A9-ph%E1%BA%A3i-do-xo-vao-cac-truong-dai-hoc-TOP-dau.jpg', 'Nhiều sinh viên sau khi ra trường lại lựa chọn công việc trái với chuyên ngành học và cho rằng quãng thời gian học đại học là lãng phí', '2021-02-03', 4, NULL, NULL),
(33, 'Lý do khiến bạn nên học đại học ngay hôm nay', 'Học cách tự học', 'https://laodongxuatkhau.vn/images/2017/06/28/db58eb1c-06cb-4f65-9fac-33396e52a6ae.jpg', 'Bẩm sinh, hầu hết con người có xu hướng lười biếng hoặc gặp khó khăn khi tự mình bắt đầu một công việc mà không có áp lực nên số lượng người “tự học thành tài” thường không nhiều.', '2021-02-03', 4, NULL, NULL),
(34, 'Giao viên', 'Tổ chức Kỳ thi tốt nghiệp THPT với tinh thần trách nhiệm cao nhất', '1622733502.jpg', 'Tại Hội nghị, đại diện Bộ GDĐT và các địa phương đã trao đổi thông tin, cập nhật về tình hình chuẩn bị cho kỳ thi. Thông tin liên quan đến các trường hợp F0, F1, F2 là học sinh lớp 12 sẽ tham gia kỳ thi được cập nhật từng ngày để từ đó có phương án, kịch bản cụ thể.Theo báo cáo của Cục Quản lý chất lượng (Bộ GDĐT), tính đến 24h ngày 26-5, cả nước có 18 học sinh lớp 12 trong diện F0 và 394 học sinh là F1, chủ yếu ở 4 tỉnh Bắc Giang, Bắc Ninh, Hà Nam và Điện Biên.\r\n\r\nĐến thời điểm này, phương án dự kiến là cố gắng tổ chức kỳ thi đúng lịch. Ban chỉ đạo thi các địa phương phối hợp với các ban, ngành để phân loại đối tượng học sinh trong diện F0, F1, F2.\r\n\r\nTrong đó thí sinh diện F0 không thể dự thi sẽ được xét đặc cách tốt nghiệp như quy định. Thí sinh F1, F2 sẽ được tổ chức thi ở phòng thi, điểm thi riêng, trong điều kiện đảm bảo các giải pháp cách ly theo khuyến cáo của y tế.\r\n\r\nRiêng thí sinh F1 đang phải cách ly tập trung sẽ tính toán phương án di chuyển từ khu cách ly đến điểm thi. Thí sinh và tất cả cán bộ tham gia tổ chức thi tại điểm thi này phải sử dụng đồ phòng hộ.\r\n\r\nBộ GDĐT đã tính toán, xây dựng kịch bản để ứng phó với các tình huống khác nhau theo diễn biến của dịch bệnh. Trong tình huống bất khả kháng khi các địa phương có nhiều thí sinh trong diện F1, F2, Bộ GDĐT sẽ cân nhắc việc tổ chức đợt thi thứ 2, căn cứ vào kinh nghiệm đã làm năm 2020.\r\n\r\nĐại diện các địa phương cho biết, với kinh nghiệm từ việc tổ chức kỳ thi trong điều kiện dịch bệnh năm 2020, đến thời điểm này việc chuẩn bị đang được tiến hành đúng tiến độ và đã sẵn sàng các phương án, kịch bản khác nhau, tùy theo diễn biến dịch bệnh để đảm bảo kỳ thi diễn ra an toàn, chất lượng.Để chủ động với các tình huống, một số địa phương như Bắc Ninh, Bắc Giang đề nghị, Bộ GDĐT ban hành hướng dẫn cụ thể về việc tổ chức thi trong khu cách ly cho thí sinh thuộc diện F1 để đảm bảo an toàn, không lây nhiễm chéo cho những người được điều động làm công tác coi thi, chấm thi.', '2021-06-02', 2, NULL, '2021-06-03 08:18:23');
INSERT INTO `tinbais` (`id`, `tentin`, `tieude`, `hinhanh`, `noidung`, `ngaydang`, `loaitinid`, `created_at`, `updated_at`) VALUES
(35, 'Giao viên', 'Một học sinh Hải Dương giành huy chương đồng Olympic tin học châu Á -Thái Bình Dương', '1622712891.jpg', 'Đó là em Đào Duy Anh, học sinh lớp 12 tin Trường THPT chuyên Nguyễn Trãi (TP Hải Dương). Đây cũng là lần thứ 3 học sinh Hải Dương giành được giải thưởng này sau 9 năm Việt Nam tham gia cuộc thi.Chiều 26.5, lãnh đạo Trường THPT chuyên Nguyễn Trãi cho biết bài thi của Duy Anh là một trong 6 bài dự thi xuất sắc được Ban tổ chức kỳ thi Olympic tin học châu Á – Thái Bình Dương năm 2021 lựa chọn để tranh giải và đoạt huy chương đồng. Đây là thành tích xuất sắc của em khi cuộc thi năm nay có rất nhiều đối thủ mạnh cả trong nước và khu vực tham dự.\r\nKể từ năm 2013 – thời điểm Việt Nam lần đầu tham dự kỳ thi trên, đây là lần thứ 3 tỉnh ta có học sinh đoạt giải. Trước Duy Anh, em Nguyễn Phan Quang Minh, học sinh Trường THPT chuyên Nguyễn Trãi đã liên tiếp giành được 2 huy chương bạc kỳ thi vào các năm 2013 và 2014.\r\nOlympic tin học châu Á - Thái Bình Dương là kỳ thi được tổ chức giống kỳ thi Olympic tin học quốc tế (IOI) dành cho các đoàn trong khu vực châu Á và Tây Thái Bình Dương. Kỳ thi lần đầu được tổ chức tại Australia vào năm 2007.                                           \r\nKỳ thi năm nay được tổ chức trong hai ngày 22 và 23.5 do Indonesia đăng cai, có hơn 900 thí sinh đến từ 35 quốc gia và vùng lãnh thổ thuộc châu Á và Tây Thái Bình Dương tham dự. Do ảnh hưởng của đại dịch Covid-19 nên các đội tuyển tham dự kỳ thi trực tuyến. Đội tuyển quốc gia Việt Nam gồm 15 thí sinh. Kết quả, đội giành được 2 huy chương vàng, 1 huy chương bạc và 3 huy chương đồng.\r\nNăm học 2020-2021, Trường THPT Nguyễn Trãi có hai học sinh tham gia đội tuyển quốc gia Việt Nam tham dự các kỳ thi Olympic. Ngoài Duy Anh, người thứ hai là Phạm Đức Nam Phương, học sinh lớp 12 hóa. Được biết Nam Phương sẽ cùng đội tuyển tham dự Olympic hóa học quốc tế, dự kiến diễn ra vào tháng 7 năm nay.', '2021-01-02', 2, NULL, '2021-06-03 02:34:51'),
(36, 'Về trường học', 'Bảo đảm chất lượng học tập thời dịch', 'http://haiduong.edu.vn/upload/19794/fck/files/bao-dam-chat-luong-hoc-tap-thoi-dich-19-092901.jpg', 'Một năm 2 đợt học trực tuyến, kiểm tra học kỳ sớm hơn dự kiến. Học sinh Hải Dương đã trải qua một năm học thật đặc biệt vì dịch Covid-19.Một giáo viên tiếng Anh ở TP Hải Dương cho biết sau đợt học trực tuyến hồi tháng 2, tháng 3, nhiều học sinh bị “hổng” kiến thức, hiệu quả chỉ đạt 50% so với dạy trực tiếp. Tuy nhà trường đã dành thời gian ôn tập nhưng chỉ có thể bù đắp được phần nào lượng kiến thức đã mất, sau đó phải tiếp tục triển khai chương trình mới và gấp rút kiểm tra nên chất lượng không thể như những năm trước. Tại Trường THCS Bình Minh (TP Hải Dương), kết quả khảo sát học sinh lớp 9 đợt 1 thực hiện ngay sau khi các em trở lại trường. Kết quả có đến 1/3 số học sinh không đủ 25 trong tổng điểm 40. Số điểm này khó đủ để đỗ vào các trường THPT công lập. Tại một số trường THPT, kết quả thi thử sau đợt dịch thứ 3 cũng cho thấy nhiều học sinh lớp 12 đạt điểm dưới trung bình.\r\nDo “hổng” kiến thức từ thời gian học trực tuyến nên các trường và học sinh đã phải nỗ lực gấp nhiều lần để có được kết quả tốt trong kỳ thi học kỳ II và các kỳ thi sắp tới. Một trong những giải pháp hiệu quả được Trường THCS Bình Minh thực hiện là vận động giáo viên tự nguyện ôn tập cho học sinh lớp 9 theo trình độ. Việc này được thực hiện song song với ôn tập thường xuyên theo đơn vị lớp. Với các em có ý định thi vào Trường THPT chuyên Nguyễn Trãi, nhiều thầy cô đã tự nguyện ôn tập cho học sinh dù số lượng học sinh rất ít, có khi chỉ 1 thầy hoặc cô dạy từ 1-5 em.\r\nTừ ngày 10.5, trẻ mầm non, học sinh các cơ sở giáo dục phổ thông, giáo dục nghề nghiệp-giáo dục thường xuyên tạm dừng đến trường. Học sinh từ cấp tiểu học trở lên bước vào đợt học trực tuyến thứ hai trong năm học 2020-2021 để hoàn thành các nội dung trong chương trình. Riêng học sinh lớp 9 và lớp 12 tùy tình hình các địa phương để quyết định cho học sinh được học trực tiếp tại trường với yêu cầu bảo đảm các quy định phòng chống dịch. Sở Giáo dục và Đào tạo cũng yêu cầu các trường hoàn thành việc kiểm tra học kỳ II trước ngày 12.5. Tuy nhiên, nhiều học sinh thuộc diện F1, F2 đang trong thời gian cách ly, không thể đến trường để làm bài kiểm tra theo thời gian quy định. Một số trường đã cho học sinh được làm bài kiểm tra sau. Trường THPT Tứ Kỳ đã cho 4 học sinh thuộc diện F2 và 2 học sinh trong khu phong tỏa An Nhân Đông (thị trấn Tứ Kỳ) hoàn thành một số bài kiểm tra học kỳ bằng hình thức trực tuyến. Để tổ chức thi học kỳ sớm, các trường đã phải nỗ lực “chạy đua” với thời gian. Trong thời điểm gấp rút, các thầy cô phải thay đổi đề thi để đáp ứng tiêu chí học đến đâu kiểm tra đến đó. Nội dung đề thi bám sát chương trình, yêu cầu giảm tải của bộ môn và trong điều kiện dịch bệnh. \r\nTại các trường đang tổ chức dạy trực tiếp cho học sinh lớp 9, lớp 12, công tác bảo đảm phòng chống dịch được đặt ra nghiêm ngặt. Hầu hết các trường duy trì tốt hoạt động của tổ \"An toàn Covid\", yêu cầu học sinh, giáo viên đeo khẩu trang, đo thân nhiệt và sát khuẩn tay, cung cấp kịp thời thông tin, đề nghị phụ huynh phối hợp nhắc nhở các em bảo đảm quy định phòng, chống dịch. Trường THPT Tứ Kỳ chia số lượng học sinh tại mỗi lớp 12 thành các nhóm bảo đảm không quá 20 học sinh/phòng. Trường THCS Quốc Tuấn (Nam Sách) thực hiện dạy trực tuyến một số buổi học chính khóa cho học sinh lớp 9, chỉ ôn thi mới học trực tiếp. Trường THCS Tân Bình (TP Hải Dương) đã cho 50 học sinh lớp 9G chuyển sang học trực tuyến khi 1 em của lớp là F1 của ca bệnh Covid-19 tại thành phố. ', '2021-02-03', 1, NULL, NULL),
(37, 'Về trường học', 'Tổng kết 5 năm thực hiện Đề án về giáo dục lý tưởng cách mạng, đạo đức, lối sống cho thanh niên, thiếu niên và nhi đồng', 'http://haiduong.edu.vn/upload/19794/fck/files/img_3186.jpg', 'Chủ trì điểm cầu Bộ GDĐT là Bộ trưởng Nguyễn Kim Sơn, Bí thư thường trực Trung ương Đoàn TNCS Hồ Chí Minh Bùi Quang Huy, Thứ trưởng Bộ GDĐT Ngô Thị Minh. Dự tại điểm cầu Hải Dương có đại diện lãnh đạo các sở, ngành, đơn vị liên quan; lãnh đạo một số phòng chuyên môn của Sở và phòng GDĐT các huyện, thị xã, thành phố.\r\nBáo cáo của Bộ GDĐT nêu rõ: Thực hiện Quyết định số 1501 của Thủ tướng Chính phủ, công tác giáo dục đạo đức lối sống cho thanh niên, thiếu niên, nhi đồng, học sinh sinh viên đã nhận được sự quan tâm của các bộ, ngành, tổ chức, đoàn thể Trung ương, cấp ủy Đảng, chính quyền địa phương, gia đình, nhà trường và xã hội; tạo sự chuyển biến tích cực trong nhận thức và hành động của cán bộ quản lý, người đứng đầu các đơn vị. Sự phối hợp giữa ngành giáo dục với các bộ, ngành Trung ương và địa phương trong giáo dục lý tưởng cách mạng, đạo đức, lối sống (GDLTCMĐĐLS) cho thanh thiếu nhi, học sinh, sinh viên được tăng cường, đi vào chiều sâu, phát huy được trách nhiệm, thế mạnh của từng cơ quan, tổ chức cùng tham gia quản lý, giáo dục.Chủ trì điểm cầu Bộ GDĐT là Bộ trưởng Nguyễn Kim Sơn, Bí thư thường trực Trung ương Đoàn TNCS Hồ Chí Minh Bùi Quang Huy, Thứ trưởng Bộ GDĐT Ngô Thị Minh. Dự tại điểm cầu Hải Dương có đại diện lãnh đạo các sở, ngành, đơn vị liên quan; lãnh đạo một số phòng chuyên môn của Sở và phòng GDĐT các huyện, thị xã, thành phố.\r\nBáo cáo của Bộ GDĐT nêu rõ: Thực hiện Quyết định số 1501 của Thủ tướng Chính phủ, công tác giáo dục đạo đức lối sống cho thanh niên, thiếu niên, nhi đồng, học sinh sinh viên đã nhận được sự quan tâm của các bộ, ngành, tổ chức, đoàn thể Trung ương, cấp ủy Đảng, chính quyền địa phương, gia đình, nhà trường và xã hội; tạo sự chuyển biến tích cực trong nhận thức và hành động của cán bộ quản lý, người đứng đầu các đơn vị. Sự phối hợp giữa ngành giáo dục với các bộ, ngành Trung ương và địa phương trong giáo dục lý tưởng cách mạng, đạo đức, lối sống (GDLTCMĐĐLS) cho thanh thiếu nhi, học sinh, sinh viên được tăng cường, đi vào chiều sâu, phát huy được trách nhiệm, thế mạnh của từng cơ quan, tổ chức cùng tham gia quản lý, giáo dục.Chủ trì điểm cầu Bộ GDĐT là Bộ trưởng Nguyễn Kim Sơn, Bí thư thường trực Trung ương Đoàn TNCS Hồ Chí Minh Bùi Quang Huy, Thứ trưởng Bộ GDĐT Ngô Thị Minh. Dự tại điểm cầu Hải Dương có đại diện lãnh đạo các sở, ngành, đơn vị liên quan; lãnh đạo một số phòng chuyên môn của Sở và phòng GDĐT các huyện, thị xã, thành phố.Báo cáo của Bộ GDĐT nêu rõ: Thực hiện Quyết định số 1501 của Thủ tướng Chính phủ, công tác giáo dục đạo đức lối sống cho thanh niên, thiếu niên, nhi đồng, học sinh sinh viên đã nhận được sự quan tâm của các bộ, ngành, tổ chức, đoàn thể Trung ương, cấp ủy Đảng, chính quyền địa phương, gia đình, nhà trường và xã hội; tạo sự chuyển biến tích cực trong nhận thức và hành động của cán bộ quản lý, người đứng đầu các đơn vị. Sự phối hợp giữa ngành giáo dục với các bộ, ngành Trung ương và địa phương trong giáo dục lý tưởng cách mạng, đạo đức, lối sống (GDLTCMĐĐLS) cho thanh thiếu nhi, học sinh, sinh viên được tăng cường, đi vào chiều sâu, phát huy được trách nhiệm, thế mạnh của từng cơ quan, tổ chức cùng tham gia quản lý, giáo dục.', '2020-01-01', 1, NULL, NULL),
(38, 'Về trường học', 'Sở GDĐT: Họp giao ban công tác chuyên môn tháng 5/2021', 'http://haiduong.edu.vn/upload/19794/fck/files/IMG-5291.jpg', 'Đồng chí Lương Văn Việt, Tỉnh ủy viên, Giám đốc Sở GDĐT chủ trì cuộc họp. Tham dự cuộc họp, có các đồng chí lãnh đạo Sở; lãnh đạo Công đoàn ngành; lãnh đạo các phòng thuộc Sở.\r\nPhát biểu tại cuộc họp, đồng chí Lương Văn Việt, Tỉnh ủy viên, Giám đốc Sở GDĐT đánh giá cao những kết quả đã đạt được trong việc thực hiện kế hoạch công tác tháng 4/2021. Đồng chí Giám đốc Sở nhất trí với kế hoạch công tác tháng 5/2021 và nhấn mạnh một số nhiệm vụ trọng tâm sau:\r\nTập trung chỉ đạo công tác dạy và học: Tăng cường công tác quản lý, chỉ đạo, kiểm tra, theo dõi việc hoàn thành chương trình, kiểm tra đánh giá cuối năm của các cơ sở giáo dục đảm bảo thực hiện theo đúng quy định; hướng dẫn kiểm tra định kỳ cuối năm học, nghiệm thu bàn giao chất lượng cuối năm đối với khối lớp 5 và xét tốt nghiệp đối với khối lớp 9; hướng dẫn các cấp học tổng kết năm học theo đúng Kế hoạch; tổ chức thẩm định tài liệu giáo dục địa phương; tích cực chuẩn bị các điều kiện về cơ sở vật chất, đội ngũ cho việc triển khai chương trình giáo dục phổ thông 2018 ở lớp 2 và lớp 6.Chỉ đạo các cơ sở giáo dục thực hiện nghiêm các biện pháp phòng, chống dịch Covid -19: tăng cường công tác tuyên truyền để cán bộ, giáo viên, học sinh biết được tình hình dịch bệnh trên thế giới và trong nước, các nguy cơ dịch bệnh bùng phát, lây lan trở lại; thực hiện nghiêm “Thông điệp 5K” của Bộ Y tế, nhất là đeo khẩu trang bắt buộc tại các nơi công cộng, nơi tập trung đông người, trên các phương tiện giao thông công cộng; thường xuyên tự đánh giá các điều kiện theo Bộ tiêu chí đánh giá mức độ an toàn phòng, chống dịch Covid-19 trong cơ sở giáo dục mầm non, giáo dục phổ thông và cơ sở giáo dục nghề nghiệp -giáo dục thường xuyên trên địa bàn tỉnh theo Quyết định số 626/QĐ-BCĐ ngày 25/2/2021 của Ban Chỉ đạo phòng, chống dịch Covid-19 của tỉnh; theo dõi sức khỏe và kiểm tra thân nhiệt cán bộ, giáo viên và học sinh khi đến trường; chủ động theo dõi, báo cáo kịp thời những nghi vấn về sức khỏe của cán bộ, giáo viên và học sinh, không lơ là, chủ quan trong công tác phòng, chống dịch.\r\nTập trung công tác chuẩn bị cho việc tổ chức Kỳ thi tuyển sinh lớp 10 năm học 2021-2022 và Kỳ thi tốt nghiệp THPT năm 2021; đôn đốc các trường hoàn thành đăng ký dự thi và đăng ký xét tốt nghiệp THPT năm 2021; đăng ký thi tuyển sinh năm học 2021-2022; rà soát phần mềm quản lý thi; kiểm tra, rà soát cơ sở vật chất, thiết bị phục vụ tổ chức thi; tổ chức Hội nghị Ban Chỉ đạo thi tốt nghiệp THPT năm 2021.\r\nTham mưu UBND tỉnh tổ chức Lễ Tuyên dương, khen thưởng học sinh giỏi các môn văn hóa năm học 2020-2021.\r\nTổ chức chấm và xét công nhận sáng kiến cấp cơ sở, cấp ngành; Hướng dẫn xét các danh hiệu thi đua, hình thức khen thưởng năm học 2020-2021.\r\nXây dựng Kế hoạch chuyển đổi số ngành Giáo dục giai đoạn 2021-2025 định hướng đến năm 2030.\r\nHoàn thiện thủ tục, hồ sơ, tổ chức đưa đoàn huấn luyện viên, vận động viên tham gia các nội dung thi đấu trong khuôn khổ Hội Khỏe Phù Đổng khu vực II tại Thái Nguyên.\r\nTham mưu, đề xuất nhiệm vụ Khoa học công nghệ năm 2022.\r\nTiếp tục tập huấn cho giáo viên, cô bảo mẫu nhóm lớp độc lập tư thục theo Dự án OneSky.\r\nTiếp tục phối hợp với Sở Nội vụ tham mưu cho UBND tỉnh triển khai thực hiện mã số, tiêu chuẩn chức danh nghề nghiệp và bổ nhiệm, xếp lương viên chức giảng dạy trong các cơ sở giáo dục mầm non, phổ thông công lập theo các Thông tư 01-04/2021/TT- BGDĐT và Công văn số 971/BGDĐT-NGCBQLGD của Bộ GDĐT\r\nTăng cường công tác thông tin, tuyên truyền cuộc bầu cử đại biểu Quốc hội (ĐBQH) khóa XV và đại biểu Hội đồng nhân dân (HĐND) các cấp nhiệm kỳ 2021-2026…', '2021-02-03', 1, NULL, NULL),
(39, 'sự kiện nổi bật của ngành giáo dục trong năm 2020', 'Công bố 32 cuốn sách giáo khoa lớp 1 mới', 'https://photo-cms-tpo.zadn.vn/w645/Uploaded/2021/itmtu/2019_12_25/20191223224916sach_giao_khoa_lop_1_theo_chuong_trinh_moi_czdm.jpg', 'Chiều 22/11, Bộ GD&ĐT công bố 32 cuốn sách giáo khoa lớp 1 được lựa chọn cho chương trình giáo dục phổ thông mới. Trong đó, 24 cuốn của NXB Giáo dục Việt Nam.\r\nCụ thể, Tiếng Việt, Toán, Đạo đức mỗi môn 6 bản thảo; Tự nhiên - xã hội 5 bản thảo; Giáo dục Thể chất 4 bản thảo; Nghệ thuật (âm nhạc) 5 bản thảo; Nghệ thuật (mỹ thuật) 5 bản thảo. Hoạt động trải nghiệm 6 bản thảo. Tiếng Anh 6 bản thảo.\r\nSau hai vòng thẩm định của đợt đầu tiên, 38 bản thảo SGK được hội đồng thẩm định quốc gia đánh giá đạt, đã bàn giao cho Bộ GD&ĐT. 11 bản thảo ở 6 môn học bị đánh giá không đạt.Chiều 22/11, Bộ GD&ĐT công bố 32 cuốn sách giáo khoa lớp 1 được lựa chọn cho chương trình giáo dục phổ thông mới. Trong đó, 24 cuốn của NXB Giáo dục Việt Nam.\r\nCụ thể, Tiếng Việt, Toán, Đạo đức mỗi môn 6 bản thảo; Tự nhiên - xã hội 5 bản thảo; Giáo dục Thể chất 4 bản thảo; Nghệ thuật (âm nhạc) 5 bản thảo; Nghệ thuật (mỹ thuật) 5 bản thảo. Hoạt động trải nghiệm 6 bản thảo. Tiếng Anh 6 bản thảo.\r\nSau hai vòng thẩm định của đợt đầu tiên, 38 bản thảo SGK được hội đồng thẩm định quốc gia đánh giá đạt, đã bàn giao cho Bộ GD&ĐT. 11 bản thảo ở 6 môn học bị đánh giá không đạt.', '2021-02-03', 3, NULL, NULL),
(40, 'sự kiện nổi bật của ngành giáo dục trong năm 2020', 'Số ứng viên được đề nghị xét giáo sư, phó giáo sư năm 2019 giảm', 'https://giadinh.mediacdn.vn/2021/1/30/ha-noi-1-16120159396951572488129-16120159559242106280428.png', 'Trong tháng 11/2019, Hội đồng Giáo sư Nhà nước xét công nhận 424 ứng viên đạt chuẩn chức danh giáo sư và phó giáo sư năm 2019. Theo đó, có 75 ứng viên được công nhận đạt chuẩn giáo sư (GS). Trong số này có một trường hợp đạt chuẩn GS theo hình thức đặc biệt. Có 349 ứng viên được công nhận đạt chuẩn GS.\r\nTheo Văn phòng Hội đồng GS Nhà nước, 98 hội đồng GS cơ sở có ứng viên đăng ký xét công nhận đạt tiêu chuẩn chức danh GS-PGS năm 2019 với 725 ứng viên, trong đó có 119 ứng viên GS, 606 ứng viên PGS.\r\nSau khi thẩm định hồ sơ, đánh giá ngoại ngữ, đánh giá báo cáo khoa học tổng quan, có 440 ứng viên GS, PGS (82 ứng viên GS, 358 ứng viên PGS) từ 26 hội đồng GS ngành, liên ngành được đưa vào danh sách đề nghị xét công nhận đạt tiêu chuẩn chức danh GS, PGS năm 2019.\r\nRiêng HĐGS ngành Khoa học quân sự và Khoa học an ninh đề nghị 47 ứng viên (một ứng viên GS, 46 ứng viên PGS) nhưng chưa tổ chức xét tại kỳ họp lần này do chưa có hướng dẫn cụ thể theo quy chế đặc thù của cấp trên.\r\nTrước đó, năm 2018, không thực hiện việc xét công nhận đạt chuẩn chức danh GS, PGS. Năm 2017, cả nước có hơn 1.200 ứng viên được công nhận đạt tiêu chuẩn chức danh GS, PGS.', '2021-02-03', 3, NULL, NULL),
(41, 'sự kiện nổi bật của ngành giáo dục trong năm 2020', 'Xử lý hàng trăm cán bộ, đảng viên liên quan đến gian lận thi THPT quốc gia 2018', 'http://thaibinh.gov.vn/upload/80571/fck/13bb8f94f62de3e9597a17fcf184f0d4.jpg', 'Năm 2018, cả nước có hơn 900.000 thí sinh dự thi THPT quốc gia. Sau khi Bộ Giáo dục công bố điểm thi (ngày 11/7), dư luận bất ngờ khi Hà Giang, Sơn La, Hòa Bình có số thí sinh đạt điểm giỏi tăng đột biến, trong khi đều là vùng trũng giáo dục. Tại Lạng Sơn, nhóm thí sinh tự do là cảnh sát cơ động có nhiều điểm khá giỏi.\r\nBộ Giáo dục và Bộ Công an đã thành lập các tổ công tác đến địa phương xác minh. Kết quả Hà Giang có 114 thí sinh với hơn 330 bài trắc nghiệm được nâng tổng điểm từ 1 đến 29,95. Tại Sơn La và Hòa Bình, công an xác định điểm bài thi tự luận và trắc nghiệm bị can thiệp. Công an đã khởi tố vụ án Lợi dụng chức vụ quyền hạn trong khi thi hành công vụ tại ba tỉnh. 10 cán bộ bị khởi tố, trong đó có Phó giám đốc Sở Giáo dục Sơn La.\r\nNăm 2019, hàng trăm cán bộ, đảng viên có liên quan đến sai phạm trong kỳ thi THPT quốc gia năm 2018 mới bị xử lý, kỷ luật.\r\nTrong tháng 9/2019, Thủ tướng Nguyễn Xuân Phúc có quyết định thi hành kỷ luật đối với Phó Chủ tịch Thường trực UBND tỉnh Hòa Bình vì những vi phạm, khuyết điểm nghiêm trọng trong chỉ đạo thi THPT quốc gia tại tỉnh này. Tại Quyết định 1245/QĐ-TTg, Thủ tướng quyết định thi hành kỷ luật bằng hình thức Cảnh cáo đối với ông Bùi Văn Cửu, Phó Chủ tịch Thường trực UBND tỉnh Hòa Bình nhiệm kỳ 2016 - 2021, do có những vi phạm, khuyết điểm nghiêm trọng trong công tác chỉ đạo kỳ thi THPT quốc gia năm 2017, năm 2018 của tỉnh này; Ban Chấp hành Đảng bộ tỉnh Hòa Bình đã thi hành kỷ luật về Đảng.\r\nNgày 1/10, Ủy ban kiểm tra Tỉnh ủy Hà Giang đã thông báo kết quả kiểm tra, xử lý đối với cán bộ, đảng viên có liên quan đến sai phạm trong kỳ thi THPT quốc gia năm 2018 tại tỉnh này. Theo đó, 151 cán bộ, đảng viên của tỉnh có liên quan vụ gian lận thi cử.\r\nTổng số cán bộ, đảng viên có liên quan đến sai phạm là 151 trường hợp (bao gồm cả 2 trường hợp đã được kiểm tra, xử lý là ông Trần Đức Quý, phó chủ tịch UBND tỉnh và ông Vũ Văn Sử, nguyên giám đốc Sở GD&ĐT tỉnh Hà Giang. Ban Chấp hành Đảng bộ tỉnh Hà Giang đã thi hành kỷ luật hai ông này bằng hình thức cảnh cáo, Ủy ban Kiểm tra trung ương đang kiểm tra việc thi hành kỷ luật Đảng).\r\nTừ ngày 4 - 6/12, tại Hà Nội, UB Kiểm tra TƯ họp kỳ 41. UB Kiểm tra TƯ đề nghị Bộ Chính trị xem xét, thi hành kỷ luật đối với ông Triệu Tài Vinh, ủy viên TƯ Đảng, Phó trưởng Ban Kinh tế TƯ, nguyên Bí thư Tỉnh ủy Hà Giang và ông Nguyễn Văn Sơn, Phó bí thư Tỉnh ủy, Bí thư Ban cán sự đảng, Chủ tịch UBND tỉnh Hà Giang.\r\nNgày 18/12, theo Bộ Công an, tiếp tục điều tra, mở rộng vụ án “Lợi dụng chức vụ quyền hạn trong khi thi hành công vụ” xảy ra tại Hội đồng thi tốt nghiệp THPTQG tỉnh Sơn La năm 2018, Cơ quan An ninh điều tra Công an tỉnh Sơn La đã thi hành các quyết định, lệnh khởi tố, bắt bổ sung một số đối tượng về tội Đưa và Nhận hối lộ.', '2021-02-03', 3, NULL, NULL),
(42, 'sự kiện nổi bật của ngành giáo dục trong năm 2020', 'Việt Nam có 2 trường đại học ở tốp 1000 trong bảng xếp hạng đại học thế giới', 'https://staticttgcp.chinhphu.vn/zoom/500/OldData/6/Uploaded_VGP/nguyenxuanhong/20201101/DDN_2866.jpg', 'Lần đầu tiên 3 cơ sở giáo dục đại học của Việt Nam được THE công bố thứ hạng cùng với gần 1.400 cơ sở giáo dục đại học hàng đầu thế giới.\r\nNgày 11/9/2019, Thời báo Giáo dục đại học (Times Higher Education, THE) công bố kết quả xếp hạng đại học thế giới mới nhất (World University Rankings 2020) trong sự kiện Hội nghị Thượng đỉnh về học thuật của THE tổ chức tại Zurich (Thụy Sỹ).\r\nTheo đó, Việt Nam có 3 cơ sở giáo dục đại học được THE công bố thứ hạng cùng với gần 1.400 cơ sở giáo dục đại học hàng đầu thế giới.\r\nTrong đó, Đại học Quốc gia Hà Nội cùng Trường Đại học Bách khoa Hà Nội thuộc nhóm 801-1000 thế giới; tiếp theo là Đại học Quốc gia TP.HCM trong nhóm 1000+. Như vậy, cùng với Trường Đại học Bách khoa Hà Nội, Đại học Quốc gia Hà Nội đạt mức điểm 22,2 - 28,2 của THE.\r\n\r\nTrong đó, Đại học Quốc gia Hà Nội có các chỉ số về giảng dạy, nghiên cứu khoa học, và hội nhập quốc tế đứng đầu trong nhóm các cơ sở giáo dục đại học của Việt Nam có mặt trong Bảng xếp hạng.\r\nĐại học Quốc gia Thành phố Hồ Chí Minh đứng đầu về chỉ số thu nhập từ doanh nghiệp. Trong khi đó Trường Đại học Bách khoa Hà Nội có chỉ số về trích dẫn khoa học cao nhất.\r\nNăm nay, THE xếp hạng cho 1.395 cơ sở giáo dục đại học trên tổng số 1.820 cơ sở giáo dục đại học tham gia xếp hạng. Đây là con số lớn nhất từ trước đến nay trong quy mô xếp hạng đại học thế giới của THE. Các cơ sở giáo dục này thuộc 92 quốc gia và vùng lãnh thổ.\r\n\r\nLuật Giáo dục đại học sửa đổi 2018 có hiệu lực\r\nLuật Giáo dục đại học sửa đổi 2018 (Luật GDĐH sửa đổi) đã được ban hành ngày 19/11/2018 và chính thức có hiệu lực thi hành từ ngày 1/7/2019 với nhiều điểm mới, tiệm cận với thông lệ quốc tế, phù hợp hơn với thực tiễn ở Việt Nam. Luật GDĐH sửa đổi đã khắc phục được một số vấn đề bất cập, đồng thời vẫn đảm bảo ổn định hệ thống để phát triển.\r\nThứ nhất, xác định quan điểm gắn đào tạo với nhu cầu sử dụng của thị trường lao động. Luật GDĐH sửa đổi đã bổ sung một số chính sách của Nhà nước về phát triển GDĐH.\r\nThứ hai, không phân biệt văn bằng đại học (ĐH) theo hình thức đào tạo. Luật quy định văn bằng GDĐH thuộc hệ thống giáo dục quốc dân bao gồm: bằng cử nhân, bằng thạc sĩ, bằng tiến sĩ và văn bằng trình độ tương đương. Hình thức đào tạo để cấp văn bằng các trình độ đào tạo của GDĐH bao gồm: chính quy, vừa làm vừa học, đào tạo từ xa.\r\nThứ ba, bỏ quy định hiệu trưởng trường ĐH có nhiệm kỳ 5 năm. Nếu như trước đây, nhiệm kỳ của hiệu trưởng trường ĐH được quy định là 5 năm, thì nay nhiệm kỳ hoặc thời gian bổ nhiệm của hiệu trưởng do Hội đồng trường quyết định trong phạm vi nhiệm kỳ của Hội đồng.\r\nThứ tư, ĐH được tự chủ quyết định chính sách học phí, tuyển sinh. Cùng với việc mở rộng quyền tự chủ cho các trường ĐH, Luật quy định khá chi tiết về việc giao quyền tự chủ cho các trường trong: học thuật và hoạt động chuyên môn; tổ chức và nhân sự; tài chính và tài sản và các chính sách khác phù hợp với quy định của pháp luật.\r\nThứ năm, trường ĐH không được tiếp tục tuyển sinh nếu chưa kiểm định chất lượng.\r\n\r\n Thứ sáu, thời gian đào tạo xác định theo số lượng tín chỉ. Luật GDĐH sửa đổi quy định thời gian đào tạo được xác định trên cơ sở số lượng tín chỉ phải tích lũy cho từng chương trình và trình độ đào tạo. ', '2021-01-02', 3, NULL, NULL),
(43, 'sự kiện nổi bật của ngành giáo dục trong năm 2020', 'Học sinh Việt Nam đạt thành tích cao tại các kỳ thi Olympic khu vực và quốc tế', 'https://lh3.googleusercontent.com/proxy/somDKqMYRlyxxfc-oJtW28cMW8_RMaG0Va5lIjmyoE2g77NK4pq_eou3Jdc_HAglJOhbVtc7MsqbAXDf9B7KY31QpNiVWJH0BsVBP5AD9fG7tGsrxqNCyzSoQDWtdUtWwf_WOG5uj1M', 'Theo thống kê của Bộ GD&ĐT, năm 2019, học sinh thuộc các đội tuyển dự Olympic khu vực và quốc tế đều đoạt huy chương.\r\n6 học sinh Việt Nam tham dự Olympic Toán quốc tế 2019 đều có huy chương gồn 2 huy chương vàng, 4 huy chương bạc, tổng điểm 177, xếp thứ 7/110 đoàn tham gia IMO 2019.\r\nTại Olympic Vật lý, Đoàn Việt Nam gồm 5 thí sinh đã xuất sắc giành 3 Huy chương vàng (HCV) và 2 Huy chương bạc (HCB).\r\nCả 4 thành viên đội tuyển Việt Nam đều có giải thưởng tại Olympic Hoá học quốc tế lần thứ 51, với 2 Huy chương Vàng và 2 Huy chương Bạc.\r\nlympic Tin học quốc tế năm 2019 của đội tuyển Việt Nam có 4  thí sinh dự thi đều đoạt huy chương, trong đó có 2 huy chương Vàng, một huy chương Bạc và 1 Huy chương đồng.\r\nChiều 30/11, lễ bế mạc kỳ thi IMSO 2019 diễn ra tại Hà Nội với sự tham gia của hơn 350 thí sinh đến từ 24 quốc gia và vùng lãnh thổ. 36 học sinh Việt Nam đoạt giải, trong đó có 15 huy chương vàng, 14 bạc và 7 đồng tại kỳ thi Olympic Toán và Khoa học quốc tế (IMSO) 2019.\r\nĐoàn Việt Nam giành số huy chương vàng nhiều nhất (15), là thành tích tốt nhất trong bốn năm tham dự IMSO. Đứng thứ hai là Thái Lan với 10 huy chương vàng; Singapore 6 vàng; Trung Quốc 4;, Sri Lanka, Malaysia và Mỹ mỗi nước có một giải vàng.\r\nTrường ĐH Đông Đô dính \'bê bối\' vì đào tạo \'láo\' văn bằng II Ngôn ngữ Anh\r\nĐại học Đông Đô - một trong những trường ĐH ngoài công lập đầu tiên được thành lập theo chủ trương xã hội hóa giáo dục. Thế nhưng chỉ sau một thời gian ngắn, trường này đã vướng đủ các loại scandal. Đầu những năm 2000, hàng loạt lãnh đạo của trường ĐH Đông Đô vướng lao lý vì liên quan đến tuyển sinh vượt chỉ tiêu cho phép. Đầu năm 2002, Công an Hà Nội đã ra lệnh khởi tố vụ án lạm dụng quyền hạn khi thi hành công vụ, gây hậu quả nghiêm trọng (theo điều 281, Bộ luật Hình sự) ở trường này.\r\nMặc dù không được Bộ GĐ&ĐT cho phép đào tạo bằng đại học thứ hai hệ chính quy ngành ngôn ngữ Anh, song Hiệu trưởng Đại học Đông Đô vẫn chỉ đạo cán bộ dưới quyền tổ chức tuyển sinh, thu tiền và cấp chứng nhận tốt nghiệp cho hàng trăm trường hợp, hưởng lợi số tiền lên tới cả tỷ đồng trong thời gian từ 2016 đến nay.', '2021-02-03', 3, NULL, NULL),
(44, 'Giao viên', 'Cách giúp học sinh lớp 11 đạt điểm cao Vật lý 12', 'https://i1-vnexpress.vnecdn.net/2021/05/28/img-4014-1-1622132243-6508-1622187148.png?w=1020&h=0&q=100&dpr=1&fit=crop&s=vJ417kCb9OXagPir2tbdXA', 'Kiến thức lớp 12 chiếm số lượng lớn nhất trong đề thi\r\nLượng kiến thức 12 chiếm khoảng 90% câu hỏi trong đề thi Tốt nghiệp THPT môn Vật Lý. Với nội dung kiến thức lý thuyết và bài tập đều nặng và khó, học sinh gặp áp lực và mất tập trung nếu không có kế hoạch học sớm cùng phương pháp ôn tập khoa học.\r\nỞ chương trình lớp 12, học sinh nên chú trọng các phần kiến thức trọng tâm như: Dao động cơ; Dòng điện xoay chiều; Sóng ánh sáng; Sóng cơ và sóng âm; Lượng tử ánh sáng; Hạt nhân nguyên tử; Dao động và sóng điện từ. Đa phần các câu hỏi khó, mang tính phân loại cao trong đề thi thường rơi vào những nội dung kiến thức này. Riêng với chương trình lớp 11 (chiếm 10% câu hỏi trong đề thi), các em có thể tổng ôn ngay sau khi kết thúc năm học.\r\nHọc sinh có thể xử lý nhanh và chính xác các câu hỏi thuộc mức độ nhận biết, thông hiểu khi nắm chắc kiến thức cơ bản trong sách giáo khoa. Với các câu hỏi vận dụng cao, trong quá trình ôn luyện, người học nên liên hệ đề bài với các vấn đề thực tiễn cuộc sống, thí nghiệm hiện tượng và bản chất Vật lý nhằm bổ sung kiến thức, rèn tư duy phân tích và phản xạ nhạy bén.\r\nTheo ông Trần Chiến, cách xét tuyển đại học luôn có nhiều biến động qua từng năm, thay đổi khó lường, phụ thuộc nhiều vào tình hình xã hội hiện tại. Do đó, học sinh sinh năm 2004 nên biết khởi động ôn luyện sớm kiến thức lớp 12. Đây là một lợi thế giúp các em chinh phục kỳ thi sắp tới nhẹ nhàng hơn.', '2021-02-03', 2, NULL, NULL),
(45, 'Giao viên', 'Những lợi ích của đánh giá học tập trực tuyến', 'https://i1-vnexpress.vnecdn.net/2021/05/28/Anh1-9107-1622170233.png?w=1020&h=0&q=100&dpr=1&fit=crop&s=tXcUhDRzJqxXO9Euayyo6Q', 'Đánh giá kết quả học tập trực tuyến mang lại các lợi ích: gọn nhẹ, dễ giám sát, đảm bảo tính liên tục của công việc và chống gian lận.\r\nĐánh giá kết quả học tập là một phần quan trọng trong bất kỳ quá trình học tập nào. Do ảnh hưởng của Covid-19, học trực tuyến phát triển nhảy vọt trong năm qua. Cũng giống như eLearning, đánh giá trực tuyến là một lựa chọn khả thi nhằm kiểm tra chất lượng học sinh cho thời điểm hiện tại.\r\nDù nhiều người lo ngại việc đánh giá trực tuyến còn bất cập hay chưa đảm bảo tính chính xác, trung thực nhưng với những lợi thế từ công nghệ hiện đại, hình thức này hứa hẹn sẽ tiếp tục được mở rộng khai thác trong tương lai.\r\nGọn nhẹ\r\nQuản lý dưới dạng dữ liệu, các bài đánh giá trực tuyến được kiểm soát từ một máy chủ bảo mật. So sánh với các phòng thi cần đầu tư nhiều về thiết bị, đánh giá trực tuyến giảm bớt gánh nặng triển khai.\r\nĐể đánh giá trực tuyến cần có máy tính trang bị camera và kết nối internet ổn định. Khi đảm bảo các yếu tố này, đánh giá trực tuyến có thể theo dõi người kiểm tra trong thời gian thực, đồng thời cho kết quả ngay lập tức.\r\nNhờ vậy, phương pháp này giảm bớt chi phí in ấn, tiết kiệm đáng kể thời gian và nhân lực giám sát.\r\nDễ giám sát\r\nVới sự phát triển của công nghệ, đánh giá trực tuyến có nhiều tiện lợi, vẫn giữ hiệu quả và cá nhân hóa. Với hỗ trợ công nghệ, giám thị có thể quan sát hoạt động của người dự thi thông qua âm thanh, video và các hoạt động trên màn hình chi tiết từ xa.\r\nVới ngân hàng câu hỏi lớn và các tính năng công nghệ, đề thi trực tuyến có thiết kế linh hoạt với bộ câu hỏi động, hạn chế nguy cơ \"lộ đề\". Nhiều tổ chức đào tạo cho trọng số ngang nhau trong cả kiểm tra trực tuyến cuối kỳ và đánh giá liên tục suốt quá trình học. Nhờ đó, học sinh được ghi nhận chính xác hơn so với việc phụ thuộc vào kỳ thi duy nhất.', '2021-02-03', 2, NULL, NULL),
(46, 'Giao viên', 'Chàng trai Đà Nẵng học trực tuyến theo đuổi đam mê công nghệ', 'https://i1-vnexpress.vnecdn.net/2021/05/25/Cong-Tan-2-9585-1621918482.jpg?w=1020&h=0&q=100&dpr=1&fit=crop&s=EdxfTb_qX20rM3xtrFUH2w', 'Trương Đinh Công Tấn (23 tuổi, Đà Nẵng) học công nghệ thông tin trực tuyến tại FUNiX để thực hiện đam mê từ năm học cấp 2.Nhớ lại cái cảm giác mê mẩn món quà là chiếc máy tính Pentium 4, Trương Đinh Công Tấn vẫn còn sôi nổi niềm yêu thích khám phá, tìm tòi công nghệ, cách thức những cỗ máy vận hành để phục vụ con người. Anh muốn mình là một phần của thời đại 4.0, đóng góp vào sự phát triển của nó.Công Tấn khẳng định, chiếc máy tính mở ra một chân trời thú vị về IT để anh khát khao tìm hiểu, còn FUNiX mở ra con đường học tập thuận lợi, giúp anh tự tin thực hiện mục tiêu của mình: làm một lập trình viên giỏi.\"Đang theo học ngành Xây dựng nhưng mình vẫn yêu thích ngành công nghệ thông tin. Qua một người từng học FUNiX, mình được biết đây là mô hình học online mới mẻ với nhiều lợi thế, quan trọng là mình có thể học theo năng lực bản thân, học nhanh, đi làm sớm... Mình tìm hiểu và đăng ký học ngay vì cách thức học tập linh hoạt, hợp lý\", Công Tấn nói thêm.\r\nMỗi ngày, Tấn đều dành thời gian 3 - 4 tiếng để học online, thậm chí 7, 8 tiếng trong ngày nghỉ. Tuy nhiên, anh không cảm thấy chán, luôn cố gắng phân bổ thời gian hợp lý để có thể học song song hai chương trình.\r\nNam sinh chia sẻ: \"Có những lúc mình lười học. Khi đó, nghĩ trong đầu nếu cứ lười như vậy, bao giờ mình mới học xong. Muốn nhanh đi làm thì không được lười nên là mình lại bật máy, học tiếp bài còn dang dở\".\r\nSau mỗi tuần học tập năng suất, Công Tấn sẽ tự thưởng cho bản thân một ngày nghỉ ngơi, đi dạo phố, chơi với bạn bè để lấy lại cảm hứng. Theo anh, học lập trình trực tuyến cũng có những khó khăn, nhất là vượt qua sức ì của bản thân. Khi lười, gặp bài khó, học viên thường gặp tình trạng ngại học tiếp... Bên cạnh đó, những cản trở khi không được tương tác trực tiếp với mentor, hay bạn bè cũng là một khó khăn lớn khi học online.', '2021-02-03', 2, NULL, NULL),
(47, 'Về trường học', '\'Học sinh lớp 11 cần chuẩn bị ôn thi đại học sớm\'', 'https://i1-vnexpress.vnecdn.net/2021/05/14/hocmai-2561-1620996661.jpg?w=1020&h=0&q=100&dpr=1&fit=crop&s=xmJMAIfLHMuauEc_VpatMA', 'Đại diện Hệ thống Giáo dục HOCMAI khuyên học sinh sinh năm 2004 xây dựng lộ trình học tập, luyện thi đại học, cao đẳng ngay từ tháng 6 này.\r\nTheo HOCMAI, phương thức tuyển sinh năm 2021 tại một số trường đại học có nhiều thay đổi với một số điểm cần lưu ý sau đây:\r\nVề cách tính điểm trong phương thức xét tuyển bằng học bạ THPT, học sinh có thể hoàn toàn chủ động và linh hoạt trong việc chọn tổ hợp môn sao cho có lợi nhất, không phụ thuộc vào việc chọn bài thi tốt nghiệp THPT. Do đó, để có cơ hội trúng tuyển cao nhất, học sinh lớp 11 năm nay cần xác định ngành học mong muốn, tìm hiểu kỹ thông tin về các tổ hợp môn xét tuyển các ngành đó và đưa ra lựa chọn phù hợp.\r\nBên cạnh đó, theo Tiến sĩ Nguyễn Thành Nam, giảng viên Học viện Kỹ thuật Quân sự, giáo viên môn Vật lý tại Hệ thống Giáo dục HOCMAI, học sinh sinh cũng cần lưu ý một số kỳ thi riêng của các trường đại học như: kỳ thi đánh giá năng lực của Đại học Quốc gia TP HCM, kiểm tra tư duy của Đại học Bách khoa Hà Nội và sắp tới, Đại học Quốc gia Hà Nội cũng có bài kiểm tra năng lực. Đây đều là những trường lớn, sở hữu nhiều ngành học đa dạngĐại diện Hệ thống Giáo dục HOCMAI khuyên học sinh sinh năm 2004 xây dựng lộ trình học tập, luyện thi đại học, cao đẳng ngay từ tháng 6 này.\r\nTheo HOCMAI, phương thức tuyển sinh năm 2021 tại một số trường đại học có nhiều thay đổi với một số điểm cần lưu ý sau đây:\r\nVề cách tính điểm trong phương thức xét tuyển bằng học bạ THPT, học sinh có thể hoàn toàn chủ động và linh hoạt trong việc chọn tổ hợp môn sao cho có lợi nhất, không phụ thuộc vào việc chọn bài thi tốt nghiệp THPT. Do đó, để có cơ hội trúng tuyển cao nhất, học sinh lớp 11 năm nay cần xác định ngành học mong muốn, tìm hiểu kỹ thông tin về các tổ hợp môn xét tuyển các ngành đó và đưa ra lựa chọn phù hợp.\r\nBên cạnh đó, theo Tiến sĩ Nguyễn Thành Nam, giảng viên Học viện Kỹ thuật Quân sự, giáo viên môn Vật lý tại Hệ thống Giáo dục HOCMAI, học sinh sinh cũng cần lưu ý một số kỳ thi riêng của các trường đại học như: kỳ thi đánh giá năng lực của Đại học Quốc gia TP HCM, kiểm tra tư duy của Đại học Bách khoa Hà Nội và sắp tới, Đại học Quốc gia Hà Nội cũng có bài kiểm tra năng lực. Đây đều là những trường lớn, sở hữu nhiều ngành học đa dạng', '2021-02-03', 1, NULL, NULL),
(48, 'Về trường học', 'Cựu giảng viên học trực tuyến để trở thành lập trình viên', 'https://i1-vnexpress.vnecdn.net/2021/05/13/xter-Minh-4629-1620880505.jpg?w=1020&h=0&q=100&dpr=1&fit=crop&s=PYLnjHoYBe9NfOx7cWJCng', 'Yêu thích công nghệ, anh Đặng Quốc Minh (30 tuổi, TP HCM) bỏ công việc giảng viên đại học, học lập trình trực tuyến và trở thành lập trình viên.\r\nLà dân chuyên Toán, Đặng Quốc Minh từng thầm thích và muốn thi vào Đại học Bách Khoa - ngành Công nghệ thông tin. Tuy nhiên, do ảnh hưởng bởi định hướng của gia đình, Quốc Minh quyết định thi vào một trường đại học khác và học chuyên ngành khác. Sau ra trường, nam sinh được giữ lại làm giảng viên với đúng tiêu chí của gia đình: công việc ổn định, vững chắc.\r\nSau 5 năm gắn bó với nghề giáo, Đặng Quốc Minh vẫn giữ đam mê IT. Khi biết đến mô hình học lập trình trực tuyến của FUNiX, anh lập tức đăng ký vì có thể vừa học vừa làm thuận tiện. Sau khi hoàn thành ba chứng chỉ đầu tiên, nam giảng viên sinh năm 1991 càng chắc chắn mình hợp với nghề lập trình.\r\n\"Mình liều lĩnh bỏ việc để ra ngoài làm lập trình viên cho FPT Software. Đến nay, mình là một back-end developer\" - anh Quốc Minh chia sẻ.Yêu thích công nghệ, anh Đặng Quốc Minh (30 tuổi, TP HCM) bỏ công việc giảng viên đại học, học lập trình trực tuyến và trở thành lập trình viên.\r\nLà dân chuyên Toán, Đặng Quốc Minh từng thầm thích và muốn thi vào Đại học Bách Khoa - ngành Công nghệ thông tin. Tuy nhiên, do ảnh hưởng bởi định hướng của gia đình, Quốc Minh quyết định thi vào một trường đại học khác và học chuyên ngành khác. Sau ra trường, nam sinh được giữ lại làm giảng viên với đúng tiêu chí của gia đình: công việc ổn định, vững chắc.\r\nSau 5 năm gắn bó với nghề giáo, Đặng Quốc Minh vẫn giữ đam mê IT. Khi biết đến mô hình học lập trình trực tuyến của FUNiX, anh lập tức đăng ký vì có thể vừa học vừa làm thuận tiện. Sau khi hoàn thành ba chứng chỉ đầu tiên, nam giảng viên sinh năm 1991 càng chắc chắn mình hợp với nghề lập trình.\r\n\"Mình liều lĩnh bỏ việc để ra ngoài làm lập trình viên cho FPT Software. Đến nay, mình là một back-end developer\" - anh Quốc Minh chia sẻ.', '2021-02-03', 1, NULL, NULL),
(49, 'Về trường học', '‘Các tập đoàn đang trở thành trường đại học của tương lai\'', 'https://i1-vnexpress.vnecdn.net/2021/05/06/Pear-2000-1620303602.jpg?w=1020&h=0&q=100&dpr=1&fit=crop&s=3mfMiBbQo1ptShvf5xHCSA', 'Andy Bird (Giám đốc điều hành Pearson) nhận định các tập đoàn có xu hướng kết hợp với tổ chức giáo dục online nhằm cung cấp chương trình đào tạo chuyên môn.Công ty Giáo dục toàn cầu Pearson từng là một \"gã khổng lồ\" về sách giáo khoa. Trong bối cảnh chuyển dịch về công nghệ giáo dục toàn cầu, công ty này đang chuyển hướng sang giáo dục trực tuyến và hỗ trợ các doanh nghiệp cấp chứng nhận cho người lao động, tương tự như Coursera và edX.với các chương trình đào tạo trực tuyến đa dạng và sẵn có, sinh viên ngày nay có thể linh hoạt lựa chọn các chứng chỉ cần thiết cho nhu cầu phát triển bản thân mà không nhất thiết phải theo một chương trình đại học truyền thống. Ông Andy Bird cho biết: \"Cách học của sinh viên ngày càng linh hoạt hơn, họ sẽ có nhiều lựa chọn hơn trong tương lai\".Nhiều trường công lập và tư thục tại Mỹ đã có kinh nghiệm hoặc bắt đầu tham gia vào giáo dục trực tuyến. Trong đó, Đại học Arizona đã mua lại trường trực tuyến Ashford.\r\nHơn hết, các chủ doanh nghiệp cũng \"tập trung hơn rất nhiều vào loại hình học tập mà nhân viên của họ đang nhận được\". Chính các nhà tuyển dụng đang cung cấp các chương trình chứng chỉ thay thế bằng đại học để đào tạo nhân viên.\r\nGần đây, Amazon hợp tác với Lambda School, trường đào tạo trực tuyến kỹ thuật, và Học viện đào tạo lập trình Kenzie để tung ra một chương trình nâng cao kỹ năng giúp nhân viên trở thành kỹ sư phần mềm sau 9 tháng học trực tuyến. Amazon hướng tới mục tiêu nâng cấp đội ngũ nhân viên cho chính mình trong bối cảnh nhu cầu về vị trí chuyên gia khoa học máy tính ngày càng tăng. Ashley Rajagopal, lãnh đạo Học viện Kỹ thuật Amazon, đơn vị triển khai chương trình cho biết: \"Chúng tôi chủ ý phát triển chương trình và cách giảng dạy riêng để có thể tiếp cận những người không có cơ hội theo đuổi bằng đại học về kỹ thuật phần mềm\".\r\nBên cạnh đó, Coursera cũng đã phát triển một chương trình để giúp một số sinh viên kiếm chứng chỉ chuyên môn từ Google (GOOGL) và các cơ quan chính phủ Mỹ.\"Các công ty giáo dục trực tuyến sẽ có được cơ hội lớn từ những thay đổi này\", ông Andy Bird nhận định. Không chỉ đánh giá được lực lượng lao động, từ nhu cầu này, các công ty giáo dục còn có thể tạo ra chương trình học dành riêng cho các tập đoàn để đảm bảo rằng nhân viên có được hình thức học tập, nâng cao kỹ năng cần thiết.', '2021-02-03', 1, NULL, NULL),
(50, 'Về trường học', '9x thành lập trình viên sau hơn một năm học trực tuyến', 'https://i1-vnexpress.vnecdn.net/2021/05/05/Cat-Thanh-7464-1620219339.jpg?w=1020&h=0&q=100&dpr=1&fit=crop&s=NnbfbLdRJo8cARFGOrn3xA', 'Cát Huy Thành (30 tuổi, Hà Nội) bắt đầu học trực tuyến tại FUNiX từ năm 2019 và trở thành lập trình viên tại NAL Solutions.\r\nTrước khi trở thành học viên FUNiX tại xSchool Nguyên Phát, Cát Huy Thành từng tốt nghiệp ngành Kỹ thuật Tin học công nghiệp tại Đại học Bách Khoa và cùng bạn kinh doanh camera trong 3 năm. Thành cho biết, làm chủ, tuy thu nhập khá nhưng áp lực và không đúng với sở thích công nghệ từ nhỏ. Anh muốn tìm kiếm công việc vừa mang lại cho mình niềm vui, nhiệt huyết, vừa có triển vọng tài chính lẫn phát triển bản thân.\r\nKhi biết đến FUNiX và xSchool Nguyên Phát, Huy Thành quyết định theo học tại đây với mục tiêu trở thành một Kỹ sư phần mềm và chuyển nghề lập trình viên sau 3 chứng chỉ tại FUNiX.9x chia sẻ: \"Việc học kết hợp online và offline tại Nguyên Phát khá ổn. Mỗi ngày mình dành khoảng 8 giờ để học tại lớp với sự hướng dẫn của các mentor (chuyên gia công nghệ). Khi về nhà, mình dành thời gian tìm hiểu thêm về các công nghệ mới để mở rộng và đào sâu kiến thức\".\r\nAnh dự định học xong ba chứng chỉ để có thể đi làm sớm hơn nhưng do có thời điểm xao lãng, tiến độ học bị chậm. Huy Thành thừa nhận, nếu thiếu quyết tâm, rất khó để thực hiện mục tiêu học công nghệ thông tin online.\r\n\"Nhiều khi tôi bị phân tâm vì mạng xã hội, những dòng kiến thức khác, hay hẹn hò với bạn bè và các công việc khác. Bài vở gác lại một vài ngày, rồi một vài tuần, thậm chí cả tháng. Có lúc tôi cũng gặp khó khi học như khi chuyển sang Chứng chỉ 2, kiến thức có phần thách thức mà mình ngại, việc học vì thế mà chậm lại\", anh nói thêm.\r\nĐể khắc phục tính trì hoãn, Huy Thành cố gắng cải thiện kỹ năng quản lý thời gian, chia nhỏ mục tiêu và tăng cường kết nối với các sinh viên khác, đội ngũ mentor và Hannah (cán bộ hỗ trợ). Điều Thành tâm đắc nhất ở FUNiX là kiến thức được học có tính thực tế cao. Bên cạnh đó, cơ sở còn có sự hỗ trợ nhiệt tình của mentor, Hannah cho đến cán bộ các bộ phận như Đào tạo... xuyên suốt quá trình học.', '2021-02-03', 1, NULL, NULL);

-- --------------------------------------------------------

--
-- Cấu trúc bảng cho bảng `users`
--

CREATE TABLE `users` (
  `id` bigint(20) UNSIGNED NOT NULL,
  `name` varchar(255) COLLATE utf8mb4_unicode_ci NOT NULL,
  `email` varchar(255) COLLATE utf8mb4_unicode_ci NOT NULL,
  `email_verified_at` timestamp NULL DEFAULT NULL,
  `password` varchar(255) COLLATE utf8mb4_unicode_ci NOT NULL,
  `remember_token` varchar(100) COLLATE utf8mb4_unicode_ci DEFAULT NULL,
  `created_at` timestamp NULL DEFAULT NULL,
  `updated_at` timestamp NULL DEFAULT NULL
) ENGINE=InnoDB DEFAULT CHARSET=utf8mb4 COLLATE=utf8mb4_unicode_ci;

--
-- Chỉ mục cho các bảng đã đổ
--

--
-- Chỉ mục cho bảng `danhmucs`
--
ALTER TABLE `danhmucs`
  ADD PRIMARY KEY (`id`);

--
-- Chỉ mục cho bảng `failed_jobs`
--
ALTER TABLE `failed_jobs`
  ADD PRIMARY KEY (`id`);

--
-- Chỉ mục cho bảng `loaitins`
--
ALTER TABLE `loaitins`
  ADD PRIMARY KEY (`id`);

--
-- Chỉ mục cho bảng `migrations`
--
ALTER TABLE `migrations`
  ADD PRIMARY KEY (`id`);

--
-- Chỉ mục cho bảng `password_resets`
--
ALTER TABLE `password_resets`
  ADD KEY `password_resets_email_index` (`email`);

--
-- Chỉ mục cho bảng `tinbais`
--
ALTER TABLE `tinbais`
  ADD PRIMARY KEY (`id`);

--
-- Chỉ mục cho bảng `users`
--
ALTER TABLE `users`
  ADD PRIMARY KEY (`id`),
  ADD UNIQUE KEY `users_email_unique` (`email`);

--
-- AUTO_INCREMENT cho các bảng đã đổ
--

--
-- AUTO_INCREMENT cho bảng `danhmucs`
--
ALTER TABLE `danhmucs`
  MODIFY `id` bigint(20) UNSIGNED NOT NULL AUTO_INCREMENT, AUTO_INCREMENT=8;

--
-- AUTO_INCREMENT cho bảng `failed_jobs`
--
ALTER TABLE `failed_jobs`
  MODIFY `id` bigint(20) UNSIGNED NOT NULL AUTO_INCREMENT;

--
-- AUTO_INCREMENT cho bảng `loaitins`
--
ALTER TABLE `loaitins`
  MODIFY `id` bigint(20) UNSIGNED NOT NULL AUTO_INCREMENT, AUTO_INCREMENT=5;

--
-- AUTO_INCREMENT cho bảng `migrations`
--
ALTER TABLE `migrations`
  MODIFY `id` int(10) UNSIGNED NOT NULL AUTO_INCREMENT, AUTO_INCREMENT=10;

--
-- AUTO_INCREMENT cho bảng `tinbais`
--
ALTER TABLE `tinbais`
  MODIFY `id` bigint(20) UNSIGNED NOT NULL AUTO_INCREMENT, AUTO_INCREMENT=55;

--
-- AUTO_INCREMENT cho bảng `users`
--
ALTER TABLE `users`
  MODIFY `id` bigint(20) UNSIGNED NOT NULL AUTO_INCREMENT;
COMMIT;

/*!40101 SET CHARACTER_SET_CLIENT=@OLD_CHARACTER_SET_CLIENT */;
/*!40101 SET CHARACTER_SET_RESULTS=@OLD_CHARACTER_SET_RESULTS */;
/*!40101 SET COLLATION_CONNECTION=@OLD_COLLATION_CONNECTION */;
